Country,State,Year,Month,PredictedTemp
0,19,2013,9,7.580999999999962
0,19,2013,10,7.580999999999962
0,19,2013,11,7.580999999999962
0,19,2013,12,7.580999999999962
0,19,2014,1,7.580999999999962
0,19,2014,2,7.580999999999962
0,19,2014,3,7.580999999999962
0,19,2014,4,7.580999999999962
0,19,2014,5,7.580999999999962
0,19,2014,6,7.580999999999962
0,19,2014,7,7.580999999999962
0,19,2014,8,7.580999999999962
0,139,2013,9,12.635995999999976
0,139,2013,10,12.635995999999976
0,139,2013,11,12.635995999999976
0,139,2013,12,12.635995999999976
0,139,2014,1,12.635995999999976
0,139,2014,2,12.635995999999976
0,139,2014,3,12.635995999999976
0,139,2014,4,12.635995999999976
0,139,2014,5,12.635995999999976
0,139,2014,6,12.635995999999976
0,139,2014,7,12.635995999999976
0,139,2014,8,12.635995999999976
0,147,2013,9,21.466999999999967
0,147,2013,10,21.466999999999967
0,147,2013,11,21.466999999999967
0,147,2013,12,21.466999999999967
0,147,2014,1,21.466999999999967
0,147,2014,2,21.466999999999967
0,147,2014,3,21.466999999999967
0,147,2014,4,21.466999999999967
0,147,2014,5,21.466999999999967
0,147,2014,6,21.466999999999967
0,147,2014,7,21.466999999999967
0,147,2014,8,21.466999999999967
0,171,2013,9,19.125
0,171,2013,10,19.125
0,171,2013,11,19.125
0,171,2013,12,19.125
0,171,2014,1,19.125
0,171,2014,2,19.125
0,171,2014,3,19.125
0,171,2014,4,19.125
0,171,2014,5,19.125
0,171,2014,6,19.125
0,171,2014,7,19.125
0,171,2014,8,19.125
0,194,2013,9,15.28499999999995
0,194,2013,10,15.28499999999995
0,194,2013,11,15.28499999999995
0,194,2013,12,15.28499999999995
0,194,2014,1,15.28499999999995
0,194,2014,2,15.28499999999995
0,194,2014,3,15.28499999999995
0,194,2014,4,15.28499999999995
0,194,2014,5,15.28499999999995
0,194,2014,6,15.28499999999995
0,194,2014,7,15.28499999999995
0,194,2014,8,15.28499999999995
0,201,2013,9,8.593000000000023
0,201,2013,10,8.592996000000024
0,201,2013,11,8.592988000000025
0,201,2013,12,8.592988000000025
0,201,2014,1,8.593004000000024
0,201,2014,2,8.593012000000025
0,201,2014,3,8.593012000000023
0,201,2014,4,8.593012000000025
0,201,2014,5,8.593000000000023
0,201,2014,6,8.593000000000023
0,201,2014,7,8.593000000000025
0,201,2014,8,8.593000000000023
0,221,2013,9,10.678000000000015
0,221,2013,10,10.678000000000015
0,221,2013,11,10.677996000000014
0,221,2013,12,10.677988000000013
0,221,2014,1,10.677992000000012
0,221,2014,2,10.677992000000012
0,221,2014,3,10.677992000000012
0,221,2014,4,10.677992000000012
0,221,2014,5,10.677992000000012
0,221,2014,6,10.677992000000012
0,221,2014,7,10.677992000000012
0,221,2014,8,10.677992000000012
0,230,2013,9,18.33700000000004
0,230,2013,10,18.33700000000004
0,230,2013,11,18.33700000000004
0,230,2013,12,18.33700000000004
0,230,2014,1,18.33700000000004
0,230,2014,2,18.33700000000004
0,230,2014,3,18.33700000000004
0,230,2014,4,18.33700000000004
0,230,2014,5,18.33700000000004
0,230,2014,6,18.33700000000004
0,230,2014,7,18.33700000000004
0,230,2014,8,18.33700000000004
1,0,2013,9,25.37799999999994
1,0,2013,10,25.37799999999994
1,0,2013,11,25.37799999999994
1,0,2013,12,25.37799999999994
1,0,2014,1,25.37799999999994
1,0,2014,2,25.37799999999994
1,0,2014,3,25.37799999999994
1,0,2014,4,25.37799999999994
1,0,2014,5,25.37799999999994
1,0,2014,6,25.37799999999994
1,0,2014,7,25.37799999999994
1,0,2014,8,25.37799999999994
1,4,2013,9,23.641999999999904
1,4,2013,10,23.641999999999904
1,4,2013,11,23.641999999999904
1,4,2013,12,23.641999999999904
1,4,2014,1,23.641999999999904
1,4,2014,2,23.641999999999904
1,4,2014,3,23.641999999999904
1,4,2014,4,23.641999999999904
1,4,2014,5,23.641999999999904
1,4,2014,6,23.641999999999904
1,4,2014,7,23.641999999999904
1,4,2014,8,23.641999999999904
1,8,2013,9,26.74399999999991
1,8,2013,10,26.74399999999991
1,8,2013,11,26.74399999999991
1,8,2013,12,26.74399999999991
1,8,2014,1,26.74399999999991
1,8,2014,2,26.74399999999991
1,8,2014,3,26.74399999999991
1,8,2014,4,26.74399999999991
1,8,2014,5,26.74399999999991
1,8,2014,6,26.74399999999991
1,8,2014,7,26.74399999999991
1,8,2014,8,26.74399999999991
1,20,2013,9,23.966000000000058
1,20,2013,10,23.966000000000058
1,20,2013,11,23.966000000000058
1,20,2013,12,23.966000000000058
1,20,2014,1,23.966000000000058
1,20,2014,2,23.966000000000058
1,20,2014,3,23.966000000000058
1,20,2014,4,23.966000000000058
1,20,2014,5,23.966000000000058
1,20,2014,6,23.966000000000058
1,20,2014,7,23.966000000000058
1,20,2014,8,23.966000000000058
1,46,2013,9,22.444000000000088
1,46,2013,10,22.444000000000088
1,46,2013,11,22.444000000000088
1,46,2013,12,22.444000000000088
1,46,2014,1,22.444000000000088
1,46,2014,2,22.444000000000088
1,46,2014,3,22.444000000000088
1,46,2014,4,22.444000000000088
1,46,2014,5,22.444000000000088
1,46,2014,6,22.444000000000088
1,46,2014,7,22.444000000000088
1,46,2014,8,22.444000000000088
1,116,2013,9,25.168999999999926
1,116,2013,10,25.168999999999926
1,116,2013,11,25.168999999999926
1,116,2013,12,25.168999999999926
1,116,2014,1,25.168999999999926
1,116,2014,2,25.168999999999926
1,116,2014,3,25.168999999999926
1,116,2014,4,25.168999999999926
1,116,2014,5,25.168999999999926
1,116,2014,6,25.168999999999926
1,116,2014,7,25.168999999999926
1,116,2014,8,25.168999999999926
1,117,2013,9,20.776003999999915
1,117,2013,10,20.776003999999915
1,117,2013,11,20.776003999999915
1,117,2013,12,20.776015999999917
1,117,2014,1,20.776011999999916
1,117,2014,2,20.776011999999916
1,117,2014,3,20.776003999999915
1,117,2014,4,20.776003999999915
1,117,2014,5,20.776003999999915
1,117,2014,6,20.77599999999991
1,117,2014,7,20.77599999999991
1,117,2014,8,20.77599999999991
1,120,2013,9,21.500996000000114
1,120,2013,10,21.500996000000114
1,120,2013,11,21.500996000000114
1,120,2013,12,21.500996000000114
1,120,2014,1,21.500996000000114
1,120,2014,2,21.500996000000114
1,120,2014,3,21.500996000000114
1,120,2014,4,21.500996000000114
1,120,2014,5,21.500996000000114
1,120,2014,6,21.500996000000114
1,120,2014,7,21.500996000000114
1,120,2014,8,21.500996000000114
1,164,2013,9,24.95100000000002
1,164,2013,10,24.95100000000002
1,164,2013,11,24.95100000000002
1,164,2013,12,24.95100000000002
1,164,2014,1,24.95100000000002
1,164,2014,2,24.95100000000002
1,164,2014,3,24.95100000000002
1,164,2014,4,24.95100000000002
1,164,2014,5,24.95100000000002
1,164,2014,6,24.95100000000002
1,164,2014,7,24.95100000000002
1,164,2014,8,24.95100000000002
1,174,2013,9,20.91799999999997
1,174,2013,10,20.91799999999997
1,174,2013,11,20.91799999999997
1,174,2013,12,20.917999999999967
1,174,2014,1,20.91799999999997
1,174,2014,2,20.91799999999997
1,174,2014,3,20.917999999999967
1,174,2014,4,20.91799999999997
1,174,2014,5,20.917999999999967
1,174,2014,6,20.917999999999967
1,174,2014,7,20.917999999999967
1,174,2014,8,20.917999999999967
1,175,2013,9,27.340000000000092
1,175,2013,10,27.340000000000092
1,175,2013,11,27.340000000000092
1,175,2013,12,27.340000000000092
1,175,2014,1,27.340000000000092
1,175,2014,2,27.340000000000092
1,175,2014,3,27.340000000000092
1,175,2014,4,27.340000000000092
1,175,2014,5,27.340000000000092
1,175,2014,6,27.340000000000092
1,175,2014,7,27.340000000000092
1,175,2014,8,27.340000000000092
1,176,2013,9,13.581999999999983
1,176,2013,10,13.581999999999983
1,176,2013,11,13.581999999999983
1,176,2013,12,13.582007999999984
1,176,2014,1,13.582019999999984
1,176,2014,2,13.582019999999984
1,176,2014,3,13.582019999999984
1,176,2014,4,13.582019999999984
1,176,2014,5,13.582019999999984
1,176,2014,6,13.581999999999983
1,176,2014,7,13.581999999999983
1,176,2014,8,13.581999999999983
1,177,2013,9,26.25
1,177,2013,10,26.25
1,177,2013,11,26.25
1,177,2013,12,26.25
1,177,2014,1,26.25
1,177,2014,2,26.25
1,177,2014,3,26.25
1,177,2014,4,26.25
1,177,2014,5,26.25
1,177,2014,6,26.25
1,177,2014,7,26.25
1,177,2014,8,26.25
1,183,2013,9,14.547999999999902
1,183,2013,10,14.547999999999902
1,183,2013,11,14.547999999999902
1,183,2013,12,14.547999999999902
1,183,2014,1,14.547999999999902
1,183,2014,2,14.547999999999902
1,183,2014,3,14.547999999999902
1,183,2014,4,14.547999999999902
1,183,2014,5,14.547999999999902
1,183,2014,6,14.547999999999902
1,183,2014,7,14.547999999999902
1,183,2014,8,14.547999999999902
1,186,2013,9,24.475999999999942
1,186,2013,10,24.475999999999942
1,186,2013,11,24.475999999999942
1,186,2013,12,24.475999999999942
1,186,2014,1,24.475999999999942
1,186,2014,2,24.475999999999942
1,186,2014,3,24.475999999999942
1,186,2014,4,24.475999999999942
1,186,2014,5,24.475999999999942
1,186,2014,6,24.475999999999942
1,186,2014,7,24.475999999999942
1,186,2014,8,24.475999999999942
1,207,2013,9,27.275995999999896
1,207,2013,10,27.275995999999896
1,207,2013,11,27.275995999999896
1,207,2013,12,27.275983999999898
1,207,2014,1,27.275983999999898
1,207,2014,2,27.275983999999898
1,207,2014,3,27.275991999999896
1,207,2014,4,27.275991999999896
1,207,2014,5,27.275991999999896
1,207,2014,6,27.275995999999896
1,207,2014,7,27.275995999999896
1,207,2014,8,27.275995999999896
2,6,2013,10,12.425000000000042
2,6,2013,11,12.425000000000042
2,6,2013,12,12.425000000000042
2,6,2014,1,12.425000000000042
2,6,2014,2,12.425000000000042
2,6,2014,3,12.425000000000042
2,6,2014,4,12.425000000000042
2,6,2014,5,12.425000000000042
2,6,2014,6,12.425000000000042
2,6,2014,7,12.425000000000042
2,6,2014,8,12.425000000000042
2,6,2014,9,12.425000000000042
2,25,2013,10,10.332000000000017
2,25,2013,11,10.332000000000017
2,25,2013,12,10.332000000000017
2,25,2014,1,10.332000000000017
2,25,2014,2,10.332000000000017
2,25,2014,3,10.332000000000017
2,25,2014,4,10.332000000000017
2,25,2014,5,10.332000000000017
2,25,2014,6,10.332000000000017
2,25,2014,7,10.332000000000017
2,25,2014,8,10.332000000000017
2,25,2014,9,10.332000000000017
2,112,2013,10,11.613031999999983
2,112,2013,11,11.613055999999984
2,112,2013,12,11.613055999999984
2,112,2014,1,11.613047999999985
2,112,2014,2,11.613047999999985
2,112,2014,3,11.613047999999983
2,112,2014,4,11.613047999999985
2,112,2014,5,11.613047999999985
2,112,2014,6,11.613051999999984
2,112,2014,7,11.613055999999984
2,112,2014,8,11.613055999999983
2,112,2014,9,11.613055999999984
2,135,2013,10,13.938999999999956
2,135,2013,11,13.938999999999956
2,135,2013,12,13.938999999999956
2,135,2014,1,13.938999999999956
2,135,2014,2,13.938999999999956
2,135,2014,3,13.938999999999956
2,135,2014,4,13.938999999999956
2,135,2014,5,13.938999999999956
2,135,2014,6,13.938999999999956
2,135,2014,7,13.938999999999956
2,135,2014,8,13.938999999999956
2,135,2014,9,13.938999999999956
2,141,2013,10,9.340011999999986
2,141,2013,11,9.340011999999986
2,141,2013,12,9.340011999999986
2,141,2014,1,9.340011999999986
2,141,2014,2,9.340011999999986
2,141,2014,3,9.340011999999986
2,141,2014,4,9.340011999999986
2,141,2014,5,9.340011999999986
2,141,2014,6,9.340011999999986
2,141,2014,7,9.340011999999986
2,141,2014,8,9.340011999999986
2,141,2014,9,9.340011999999986
2,148,2013,10,5.831015999999981
2,148,2013,11,5.831015999999981
2,148,2013,12,5.83100799999998
2,148,2014,1,5.831011999999981
2,148,2014,2,5.831011999999981
2,148,2014,3,5.831015999999981
2,148,2014,4,5.831015999999981
2,148,2014,5,5.83101599999998
2,148,2014,6,5.831019999999981
2,148,2014,7,5.831019999999981
2,148,2014,8,5.831015999999981
2,148,2014,9,5.831015999999981
2,149,2013,10,15.33199999999997
2,149,2013,11,15.33199999999997
2,149,2013,12,15.33199999999997
2,149,2014,1,15.33199999999997
2,149,2014,2,15.33199999999997
2,149,2014,3,15.33199999999997
2,149,2014,4,15.33199999999997
2,149,2014,5,15.33199999999997
2,149,2014,6,15.33199999999997
2,149,2014,7,15.33199999999997
2,149,2014,8,15.33199999999997
2,149,2014,9,15.33199999999997
2,152,2013,9,6.708000000000028
2,152,2013,10,6.708000000000028
2,152,2013,11,6.708000000000028
2,152,2013,12,6.708000000000028
2,152,2014,1,6.708000000000028
2,152,2014,2,6.708000000000028
2,152,2014,3,6.708000000000028
2,152,2014,4,6.708000000000028
2,152,2014,5,6.708000000000028
2,152,2014,6,6.708000000000028
2,152,2014,7,6.708000000000028
2,152,2014,8,6.708000000000028
2,156,2013,10,11.843996000000041
2,156,2013,11,11.843996000000041
2,156,2013,12,11.843996000000041
2,156,2014,1,11.843996000000041
2,156,2014,2,11.843996000000041
2,156,2014,3,11.843996000000041
2,156,2014,4,11.843996000000041
2,156,2014,5,11.843996000000041
2,156,2014,6,11.843996000000041
2,156,2014,7,11.843996000000041
2,156,2014,8,11.843996000000041
2,156,2014,9,11.843996000000041
2,166,2013,10,15.021000000000067
2,166,2013,11,15.021000000000068
2,166,2013,12,15.021000000000067
2,166,2014,1,15.021000000000067
2,166,2014,2,15.021000000000067
2,166,2014,3,15.021000000000067
2,166,2014,4,15.021000000000067
2,166,2014,5,15.021000000000067
2,166,2014,6,15.021000000000067
2,166,2014,7,15.021000000000067
2,166,2014,8,15.021000000000067
2,166,2014,9,15.021000000000068
2,185,2013,10,13.189027999999965
2,185,2013,11,13.189027999999965
2,185,2013,12,13.189027999999965
2,185,2014,1,13.189023999999964
2,185,2014,2,13.189023999999964
2,185,2014,3,13.189023999999964
2,185,2014,4,13.189023999999964
2,185,2014,5,13.189023999999964
2,185,2014,6,13.189023999999964
2,185,2014,7,13.189023999999964
2,185,2014,8,13.189023999999964
2,185,2014,9,13.189027999999965
2,238,2013,10,5.26699200000003
2,238,2013,11,5.26699200000003
2,238,2013,12,5.26699200000003
2,238,2014,1,5.26699200000003
2,238,2014,2,5.26699200000003
2,238,2014,3,5.26699200000003
2,238,2014,4,5.26699200000003
2,238,2014,5,5.26699200000003
2,238,2014,6,5.26699200000003
2,238,2014,7,5.26699200000003
2,238,2014,8,5.26699200000003
2,238,2014,9,5.26699200000003
3,12,2013,9,29.893004000000012
3,12,2013,10,29.89306800000002
3,12,2013,11,29.89306800000002
3,12,2013,12,29.893076000000022
3,12,2014,1,29.893104000000022
3,12,2014,2,29.893104000000022
3,12,2014,3,29.89310400000002
3,12,2014,4,29.89310400000002
3,12,2014,5,29.893096000000018
3,12,2014,6,29.89306800000002
3,12,2014,7,29.89306000000002
3,12,2014,8,29.89306800000002
3,22,2013,9,24.56999999999995
3,22,2013,10,24.56999999999995
3,22,2013,11,24.56999999999995
3,22,2013,12,24.56999999999995
3,22,2014,1,24.56999999999995
3,22,2014,2,24.56999999999995
3,22,2014,3,24.56999999999995
3,22,2014,4,24.56999999999995
3,22,2014,5,24.56999999999995
3,22,2014,6,24.56999999999995
3,22,2014,7,24.56999999999995
3,22,2014,8,24.56999999999995
3,34,2013,9,27.89800000000009
3,34,2013,10,27.89800000000009
3,34,2013,11,27.89800000000009
3,34,2013,12,27.89800000000009
3,34,2014,1,27.89800000000009
3,34,2014,2,27.89800000000009
3,34,2014,3,27.89800000000009
3,34,2014,4,27.89800000000009
3,34,2014,5,27.89800000000009
3,34,2014,6,27.89800000000009
3,34,2014,7,27.89800000000009
3,34,2014,8,27.89800000000009
3,49,2013,9,28.60598399999996
3,49,2013,10,28.60598399999996
3,49,2013,11,28.60598399999996
3,49,2013,12,28.60598399999996
3,49,2014,1,28.60598399999996
3,49,2014,2,28.60598399999996
3,49,2014,3,28.60598399999996
3,49,2014,4,28.60598399999996
3,49,2014,5,28.60598399999996
3,49,2014,6,28.60598399999996
3,49,2014,7,28.60598399999996
3,49,2014,8,28.60598399999996
3,50,2013,9,19.273999999999983
3,50,2013,10,19.273999999999983
3,50,2013,11,19.273999999999983
3,50,2013,12,19.273999999999983
3,50,2014,1,19.273999999999983
3,50,2014,2,19.273999999999983
3,50,2014,3,19.273999999999983
3,50,2014,4,19.273999999999983
3,50,2014,5,19.273999999999983
3,50,2014,6,19.273999999999983
3,50,2014,7,19.273999999999983
3,50,2014,8,19.273999999999983
3,54,2013,9,28.52799600000005
3,54,2013,10,28.52799600000005
3,54,2013,11,28.52799600000005
3,54,2013,12,28.52799600000005
3,54,2014,1,28.52799600000005
3,54,2014,2,28.52799600000005
3,54,2014,3,28.52799600000005
3,54,2014,4,28.52799600000005
3,54,2014,5,28.52799600000005
3,54,2014,6,28.52799600000005
3,54,2014,7,28.52799600000005
3,54,2014,8,28.52799600000005
3,55,2013,9,27.834003999999887
3,55,2013,10,27.834003999999887
3,55,2013,11,27.834003999999887
3,55,2013,12,27.834003999999887
3,55,2014,1,27.834003999999887
3,55,2014,2,27.834003999999887
3,55,2014,3,27.834003999999887
3,55,2014,4,27.834003999999887
3,55,2014,5,27.834003999999887
3,55,2014,6,27.834003999999887
3,55,2014,7,27.834003999999887
3,55,2014,8,27.834003999999887
3,56,2013,9,24.873999999999874
3,56,2013,10,24.873999999999874
3,56,2013,11,24.873999999999874
3,56,2013,12,24.873999999999874
3,56,2014,1,24.873999999999874
3,56,2014,2,24.873999999999874
3,56,2014,3,24.873999999999874
3,56,2014,4,24.873999999999874
3,56,2014,5,24.873999999999874
3,56,2014,6,24.873999999999874
3,56,2014,7,24.873999999999874
3,56,2014,8,24.873999999999874
3,58,2013,9,28.253999999999923
3,58,2013,10,28.253999999999923
3,58,2013,11,28.253999999999923
3,58,2013,12,28.253999999999923
3,58,2014,1,28.253999999999923
3,58,2014,2,28.253999999999923
3,58,2014,3,28.253999999999923
3,58,2014,4,28.253999999999923
3,58,2014,5,28.253999999999923
3,58,2014,6,28.253999999999923
3,58,2014,7,28.253999999999923
3,58,2014,8,28.253999999999923
3,61,2013,9,24.479000000000035
3,61,2013,10,24.479000000000035
3,61,2013,11,24.479000000000035
3,61,2013,12,24.479000000000035
3,61,2014,1,24.479000000000035
3,61,2014,2,24.479000000000035
3,61,2014,3,24.479000000000035
3,61,2014,4,24.479000000000035
3,61,2014,5,24.479000000000035
3,61,2014,6,24.479000000000035
3,61,2014,7,24.479000000000035
3,61,2014,8,24.479000000000035
3,62,2013,9,19.70798399999999
3,62,2013,10,19.70798399999999
3,62,2013,11,19.70798399999999
3,62,2013,12,19.70798399999999
3,62,2014,1,19.70798799999999
3,62,2014,2,19.70798799999999
3,62,2014,3,19.70798799999999
3,62,2014,4,19.70798799999999
3,62,2014,5,19.70798799999999
3,62,2014,6,19.70798799999999
3,62,2014,7,19.70798799999999
3,62,2014,8,19.70798399999999
3,63,2013,9,27.891003999999874
3,63,2013,10,27.891003999999874
3,63,2013,11,27.891003999999874
3,63,2013,12,27.891003999999874
3,63,2014,1,27.891003999999874
3,63,2014,2,27.891003999999874
3,63,2014,3,27.891003999999874
3,63,2014,4,27.891003999999874
3,63,2014,5,27.891003999999874
3,63,2014,6,27.891003999999874
3,63,2014,7,27.891003999999874
3,63,2014,8,27.891003999999874
3,65,2013,9,29.042012000000124
3,65,2013,10,29.042032000000127
3,65,2013,11,29.042032000000127
3,65,2013,12,29.042032000000127
3,65,2014,1,29.042044000000093
3,65,2014,2,29.042044000000093
3,65,2014,3,29.042044000000093
3,65,2014,4,29.042044000000093
3,65,2014,5,29.042040000000096
3,65,2014,6,29.042040000000096
3,65,2014,7,29.042040000000096
3,65,2014,8,29.042028000000123
3,66,2013,9,28.923035999999865
3,66,2013,10,28.923051999999863
3,66,2013,11,28.923051999999867
3,66,2013,12,28.923047999999866
3,66,2014,1,28.92305999999988
3,66,2014,2,28.923059999999875
3,66,2014,3,28.923059999999868
3,66,2014,4,28.92305999999987
3,66,2014,5,28.923055999999878
3,66,2014,6,28.923059999999875
3,66,2014,7,28.923063999999872
3,66,2014,8,28.923043999999862
3,76,2013,9,29.85796800000011
3,76,2013,10,29.85796800000011
3,76,2013,11,29.85796800000011
3,76,2013,12,29.857932000000105
3,76,2014,1,29.857952000000108
3,76,2014,2,29.857952000000108
3,76,2014,3,29.857988000000113
3,76,2014,4,29.857988000000113
3,76,2014,5,29.857996000000117
3,76,2014,6,29.857992000000113
3,76,2014,7,29.857992000000113
3,76,2014,8,29.857988000000113
3,77,2013,9,29.927003999999883
3,77,2013,10,29.92699999999989
3,77,2013,11,29.926995999999892
3,77,2013,12,29.927003999999894
3,77,2014,1,29.927003999999886
3,77,2014,2,29.927003999999886
3,77,2014,3,29.927003999999886
3,77,2014,4,29.927003999999886
3,77,2014,5,29.927003999999886
3,77,2014,6,29.926995999999885
3,77,2014,7,29.926995999999885
3,77,2014,8,29.927003999999886
3,78,2013,9,22.224000000000093
3,78,2013,10,22.224000000000093
3,78,2013,11,22.224000000000093
3,78,2013,12,22.224000000000093
3,78,2014,1,22.224000000000093
3,78,2014,2,22.224000000000093
3,78,2014,3,22.224000000000093
3,78,2014,4,22.224000000000093
3,78,2014,5,22.224000000000093
3,78,2014,6,22.224000000000093
3,78,2014,7,22.224000000000093
3,78,2014,8,22.224000000000093
3,104,2013,9,24.60400000000004
3,104,2013,10,24.604000000000035
3,104,2013,11,24.604000000000035
3,104,2013,12,24.604000000000035
3,104,2014,1,24.604000000000035
3,104,2014,2,24.604000000000035
3,104,2014,3,24.604000000000035
3,104,2014,4,24.604000000000035
3,104,2014,5,24.604000000000035
3,104,2014,6,24.604000000000035
3,104,2014,7,24.604000000000035
3,104,2014,8,24.604000000000035
3,132,2013,9,20.56599199999989
3,132,2013,10,20.56599199999989
3,132,2013,11,20.56599199999989
3,132,2013,12,20.56599199999989
3,132,2014,1,20.56599199999989
3,132,2014,2,20.56599199999989
3,132,2014,3,20.56599199999989
3,132,2014,4,20.56599199999989
3,132,2014,5,20.56599199999989
3,132,2014,6,20.56599199999989
3,132,2014,7,20.56599199999989
3,132,2014,8,20.56599199999989
3,142,2013,9,21.807999999999993
3,142,2013,10,21.807999999999993
3,142,2013,11,21.807999999999993
3,142,2013,12,21.807999999999993
3,142,2014,1,21.807999999999993
3,142,2014,2,21.807999999999993
3,142,2014,3,21.807999999999993
3,142,2014,4,21.807999999999993
3,142,2014,5,21.807999999999993
3,142,2014,6,21.807999999999993
3,142,2014,7,21.807999999999993
3,142,2014,8,21.807999999999993
3,170,2013,9,11.005000000000067
3,170,2013,10,11.005000000000067
3,170,2013,11,11.005000000000067
3,170,2013,12,11.005000000000067
3,170,2014,1,11.005000000000067
3,170,2014,2,11.005000000000067
3,170,2014,3,11.005000000000067
3,170,2014,4,11.005000000000067
3,170,2014,5,11.005000000000067
3,170,2014,6,11.005000000000067
3,170,2014,7,11.005000000000067
3,170,2014,8,11.005000000000067
3,187,2013,9,23.764000000000063
3,187,2013,10,23.764000000000063
3,187,2013,11,23.764000000000063
3,187,2013,12,23.764000000000063
3,187,2014,1,23.764000000000063
3,187,2014,2,23.764000000000063
3,187,2014,3,23.764000000000063
3,187,2014,4,23.764000000000063
3,187,2014,5,23.764000000000063
3,187,2014,6,23.764000000000063
3,187,2014,7,23.764000000000063
3,187,2014,8,23.764000000000063
3,188,2013,9,28.06999999999992
3,188,2013,10,28.06999999999992
3,188,2013,11,28.06999999999992
3,188,2013,12,28.06999999999992
3,188,2014,1,28.06999999999992
3,188,2014,2,28.06999999999992
3,188,2014,3,28.06999999999992
3,188,2014,4,28.06999999999992
3,188,2014,5,28.06999999999992
3,188,2014,6,28.06999999999992
3,188,2014,7,28.06999999999992
3,188,2014,8,28.06999999999992
3,189,2013,9,29.9070000000001
3,189,2013,10,29.9070000000001
3,189,2013,11,29.9070000000001
3,189,2013,12,29.9070040000001
3,189,2014,1,29.9070040000001
3,189,2014,2,29.9070040000001
3,189,2014,3,29.9070040000001
3,189,2014,4,29.9070040000001
3,189,2014,5,29.9070040000001
3,189,2014,6,29.9070000000001
3,189,2014,7,29.9070000000001
3,189,2014,8,29.9070000000001
3,190,2013,9,22.896999999999952
3,190,2013,10,22.896999999999952
3,190,2013,11,22.896999999999952
3,190,2013,12,22.896999999999952
3,190,2014,1,22.896999999999952
3,190,2014,2,22.896999999999952
3,190,2014,3,22.896999999999952
3,190,2014,4,22.896999999999952
3,190,2014,5,22.896999999999952
3,190,2014,6,22.896999999999952
3,190,2014,7,22.896999999999952
3,190,2014,8,22.896999999999952
3,191,2013,9,17.695999999999938
3,191,2013,10,17.695999999999938
3,191,2013,11,17.695999999999938
3,191,2013,12,17.695999999999938
3,191,2014,1,17.695999999999938
3,191,2014,2,17.695999999999938
3,191,2014,3,17.695999999999938
3,191,2014,4,17.695999999999938
3,191,2014,5,17.695999999999938
3,191,2014,6,17.695999999999938
3,191,2014,7,17.695999999999938
3,191,2014,8,17.695999999999938
3,206,2013,9,26.878999999999923
3,206,2013,10,26.878999999999923
3,206,2013,11,26.878999999999923
3,206,2013,12,26.878999999999923
3,206,2014,1,26.878999999999923
3,206,2014,2,26.878999999999923
3,206,2014,3,26.878999999999923
3,206,2014,4,26.878999999999923
3,206,2014,5,26.878999999999923
3,206,2014,6,26.878999999999923
3,206,2014,7,26.878999999999923
3,206,2014,8,26.878999999999923
3,233,2013,9,20.22200000000003
3,233,2013,10,20.22200000000003
3,233,2013,11,20.22200000000003
3,233,2013,12,20.22200000000003
3,233,2014,1,20.22200000000003
3,233,2014,2,20.22200000000003
3,233,2014,3,20.22200000000003
3,233,2014,4,20.22200000000003
3,233,2014,5,20.22200000000003
3,233,2014,6,20.22200000000003
3,233,2014,7,20.22200000000003
3,233,2014,8,20.22200000000003
3,234,2013,9,7.633000000000026
3,234,2013,10,7.633000000000026
3,234,2013,11,7.633000000000026
3,234,2013,12,7.633000000000026
3,234,2014,1,7.633000000000026
3,234,2014,2,7.633000000000026
3,234,2014,3,7.633000000000026
3,234,2014,4,7.633000000000026
3,234,2014,5,7.633000000000026
3,234,2014,6,7.633000000000026
3,234,2014,7,7.633000000000026
3,234,2014,8,7.633000000000026
3,239,2013,9,21.094999999999988
3,239,2013,10,21.094999999999988
3,239,2013,11,21.094999999999988
3,239,2013,12,21.094999999999988
3,239,2014,1,21.094999999999988
3,239,2014,2,21.094999999999988
3,239,2014,3,21.094999999999988
3,239,2014,4,21.094999999999988
3,239,2014,5,21.094999999999988
3,239,2014,6,21.094999999999988
3,239,2014,7,21.094999999999988
3,239,2014,8,21.094999999999988
3,240,2013,9,29.202008000000145
3,240,2013,10,29.202016000000146
3,240,2013,11,29.20201600000015
3,240,2013,12,29.20200800000015
3,240,2014,1,29.20201200000015
3,240,2014,2,29.20201200000015
3,240,2014,3,29.20202000000015
3,240,2014,4,29.20202000000015
3,240,2014,5,29.20202000000015
3,240,2014,6,29.20202000000015
3,240,2014,7,29.202020000000147
3,240,2014,8,29.202020000000147
4,10,2013,9,28.408987999999898
4,10,2013,10,28.408987999999898
4,10,2013,11,28.408987999999898
4,10,2013,12,28.408987999999898
4,10,2014,1,28.408991999999895
4,10,2014,2,28.408991999999895
4,10,2014,3,28.408991999999895
4,10,2014,4,28.408991999999895
4,10,2014,5,28.408991999999895
4,10,2014,6,28.408991999999895
4,10,2014,7,28.408991999999895
4,10,2014,8,28.408991999999895
4,11,2013,9,27.775999999999893
4,11,2013,10,27.775999999999893
4,11,2013,11,27.775999999999893
4,11,2013,12,27.775999999999893
4,11,2014,1,27.775999999999893
4,11,2014,2,27.775999999999893
4,11,2014,3,27.775999999999893
4,11,2014,4,27.775999999999893
4,11,2014,5,27.775999999999893
4,11,2014,6,27.775999999999893
4,11,2014,7,27.775999999999893
4,11,2014,8,27.775999999999893
4,16,2013,9,20.385004000000126
4,16,2013,10,20.385004000000126
4,16,2013,11,20.385004000000126
4,16,2013,12,20.385004000000126
4,16,2014,1,20.385004000000126
4,16,2014,2,20.385004000000126
4,16,2014,3,20.385004000000126
4,16,2014,4,20.385004000000126
4,16,2014,5,20.385004000000126
4,16,2014,6,20.385004000000126
4,16,2014,7,20.385004000000126
4,16,2014,8,20.385004000000126
4,17,2013,9,27.213999999999956
4,17,2013,10,27.213999999999956
4,17,2013,11,27.213999999999956
4,17,2013,12,27.213999999999956
4,17,2014,1,27.213999999999956
4,17,2014,2,27.213999999999956
4,17,2014,3,27.213999999999956
4,17,2014,4,27.213999999999956
4,17,2014,5,27.213999999999956
4,17,2014,6,27.213999999999956
4,17,2014,7,27.213999999999956
4,17,2014,8,27.213999999999956
4,24,2013,9,29.16700800000013
4,24,2013,10,29.16700800000013
4,24,2013,11,29.16700800000013
4,24,2013,12,29.16700800000013
4,24,2014,1,29.167012000000128
4,24,2014,2,29.167012000000128
4,24,2014,3,29.167012000000128
4,24,2014,4,29.167012000000128
4,24,2014,5,29.167012000000128
4,24,2014,6,29.16700800000013
4,24,2014,7,29.16700800000013
4,24,2014,8,29.16700800000013
4,29,2013,9,18.52300400000006
4,29,2013,10,18.52300400000006
4,29,2013,11,18.52300400000006
4,29,2013,12,18.52300400000006
4,29,2014,1,18.52300000000006
4,29,2014,2,18.52300000000006
4,29,2014,3,18.52300000000006
4,29,2014,4,18.52300000000006
4,29,2014,5,18.52300000000006
4,29,2014,6,18.52300400000006
4,29,2014,7,18.52300400000006
4,29,2014,8,18.52300400000006
4,32,2013,9,26.810000000000127
4,32,2013,10,26.810000000000127
4,32,2013,11,26.810000000000127
4,32,2013,12,26.810000000000127
4,32,2014,1,26.810000000000127
4,32,2014,2,26.810000000000127
4,32,2014,3,26.810000000000127
4,32,2014,4,26.810000000000127
4,32,2014,5,26.810000000000127
4,32,2014,6,26.810000000000127
4,32,2014,7,26.810000000000127
4,32,2014,8,26.810000000000127
4,40,2013,9,25.658000000000083
4,40,2013,10,25.658000000000083
4,40,2013,11,25.658000000000083
4,40,2013,12,25.658000000000083
4,40,2014,1,25.658000000000083
4,40,2014,2,25.658000000000083
4,40,2014,3,25.658000000000083
4,40,2014,4,25.658000000000083
4,40,2014,5,25.658000000000083
4,40,2014,6,25.658000000000083
4,40,2014,7,25.658000000000083
4,40,2014,8,25.658000000000083
4,42,2013,9,27.350995999999913
4,42,2013,10,27.350995999999913
4,42,2013,11,27.350995999999913
4,42,2013,12,27.350995999999913
4,42,2014,1,27.350995999999913
4,42,2014,2,27.350995999999913
4,42,2014,3,27.350995999999913
4,42,2014,4,27.350995999999913
4,42,2014,5,27.350995999999913
4,42,2014,6,27.350995999999913
4,42,2014,7,27.350995999999913
4,42,2014,8,27.350995999999913
4,44,2013,9,29.900003999999868
4,44,2013,10,29.90000399999987
4,44,2013,11,29.90000399999987
4,44,2013,12,29.900019999999873
4,44,2014,1,29.900019999999873
4,44,2014,2,29.900019999999873
4,44,2014,3,29.900019999999873
4,44,2014,4,29.900019999999873
4,44,2014,5,29.900019999999873
4,44,2014,6,29.90001999999987
4,44,2014,7,29.900019999999873
4,44,2014,8,29.900019999999873
4,52,2013,9,25.328000000000138
4,52,2013,10,25.328000000000138
4,52,2013,11,25.328000000000138
4,52,2013,12,25.328000000000138
4,52,2014,1,25.328000000000138
4,52,2014,2,25.328000000000138
4,52,2014,3,25.328000000000138
4,52,2014,4,25.328000000000138
4,52,2014,5,25.328000000000138
4,52,2014,6,25.328000000000138
4,52,2014,7,25.328000000000138
4,52,2014,8,25.328000000000138
4,57,2013,9,27.57600000000002
4,57,2013,10,27.57600000000002
4,57,2013,11,27.57600000000002
4,57,2013,12,27.57600000000002
4,57,2014,1,27.57600000000002
4,57,2014,2,27.57600000000002
4,57,2014,3,27.57600000000002
4,57,2014,4,27.57600000000002
4,57,2014,5,27.57600000000002
4,57,2014,6,27.57600000000002
4,57,2014,7,27.57600000000002
4,57,2014,8,27.57600000000002
4,59,2013,9,29.735031999999894
4,59,2013,10,29.735031999999894
4,59,2013,11,29.735031999999894
4,59,2013,12,29.735027999999893
4,59,2014,1,29.735031999999887
4,59,2014,2,29.735031999999894
4,59,2014,3,29.73503199999989
4,59,2014,4,29.735031999999894
4,59,2014,5,29.73503199999989
4,59,2014,6,29.735043999999892
4,59,2014,7,29.73504399999989
4,59,2014,8,29.73503199999989
4,64,2013,9,15.989000000000027
4,64,2013,10,15.989000000000027
4,64,2013,11,15.989000000000027
4,64,2013,12,15.989000000000027
4,64,2014,1,15.989000000000027
4,64,2014,2,15.989000000000027
4,64,2014,3,15.989000000000027
4,64,2014,4,15.989000000000027
4,64,2014,5,15.989000000000027
4,64,2014,6,15.989000000000027
4,64,2014,7,15.989000000000027
4,64,2014,8,15.989000000000027
4,74,2013,9,13.295991999999954
4,74,2013,10,13.295991999999954
4,74,2013,11,13.295991999999954
4,74,2013,12,13.295995999999954
4,74,2014,1,13.295991999999954
4,74,2014,2,13.295991999999954
4,74,2014,3,13.295991999999954
4,74,2014,4,13.295991999999954
4,74,2014,5,13.295995999999954
4,74,2014,6,13.295995999999954
4,74,2014,7,13.295995999999954
4,74,2014,8,13.295995999999954
4,75,2013,9,28.25299999999991
4,75,2013,10,28.25299999999991
4,75,2013,11,28.25299999999991
4,75,2013,12,28.25299999999991
4,75,2014,1,28.25299999999991
4,75,2014,2,28.25299999999991
4,75,2014,3,28.25299999999991
4,75,2014,4,28.25299999999991
4,75,2014,5,28.25299999999991
4,75,2014,6,28.25299999999991
4,75,2014,7,28.25299999999991
4,75,2014,8,28.25299999999991
4,87,2013,9,25.32099999999993
4,87,2013,10,25.32099999999993
4,87,2013,11,25.32099999999993
4,87,2013,12,25.32099999999993
4,87,2014,1,25.32099999999993
4,87,2014,2,25.32099999999993
4,87,2014,3,25.32099999999993
4,87,2014,4,25.32099999999993
4,87,2014,5,25.32099999999993
4,87,2014,6,25.32099999999993
4,87,2014,7,25.32099999999993
4,87,2014,8,25.32099999999993
4,90,2013,9,26.1670000000001
4,90,2013,10,26.1670000000001
4,90,2013,11,26.1670000000001
4,90,2013,12,26.1670000000001
4,90,2014,1,26.1670000000001
4,90,2014,2,26.1670000000001
4,90,2014,3,26.1670000000001
4,90,2014,4,26.1670000000001
4,90,2014,5,26.1670000000001
4,90,2014,6,26.1670000000001
4,90,2014,7,26.1670000000001
4,90,2014,8,26.1670000000001
4,107,2013,9,26.668999999999922
4,107,2013,10,26.668999999999922
4,107,2013,11,26.668999999999922
4,107,2013,12,26.668999999999922
4,107,2014,1,26.668999999999922
4,107,2014,2,26.668999999999922
4,107,2014,3,26.668999999999922
4,107,2014,4,26.668999999999922
4,107,2014,5,26.668999999999922
4,107,2014,6,26.668999999999922
4,107,2014,7,26.668999999999922
4,107,2014,8,26.668999999999922
4,109,2013,9,25.886999999999937
4,109,2013,10,25.886999999999937
4,109,2013,11,25.886999999999937
4,109,2013,12,25.886999999999937
4,109,2014,1,25.886999999999937
4,109,2014,2,25.886999999999937
4,109,2014,3,25.886999999999937
4,109,2014,4,25.886999999999937
4,109,2014,5,25.886999999999937
4,109,2014,6,25.886999999999937
4,109,2014,7,25.886999999999937
4,109,2014,8,25.886999999999937
4,111,2013,9,25.9570000000001
4,111,2013,10,25.9570000000001
4,111,2013,11,25.9570000000001
4,111,2013,12,25.9570000000001
4,111,2014,1,25.9570000000001
4,111,2014,2,25.9570000000001
4,111,2014,3,25.9570000000001
4,111,2014,4,25.9570000000001
4,111,2014,5,25.9570000000001
4,111,2014,6,25.9570000000001
4,111,2014,7,25.9570000000001
4,111,2014,8,25.9570000000001
4,118,2013,9,28.052003999999894
4,118,2013,10,28.052003999999894
4,118,2013,11,28.052003999999894
4,118,2013,12,28.052003999999894
4,118,2014,1,28.051999999999893
4,118,2014,2,28.052003999999894
4,118,2014,3,28.052003999999894
4,118,2014,4,28.052003999999894
4,118,2014,5,28.052003999999894
4,118,2014,6,28.052003999999894
4,118,2014,7,28.052003999999894
4,118,2014,8,28.052003999999894
4,124,2013,9,26.76699999999989
4,124,2013,10,26.76699999999989
4,124,2013,11,26.76699999999989
4,124,2013,12,26.76699999999989
4,124,2014,1,26.76699999999989
4,124,2014,2,26.76699999999989
4,124,2014,3,26.76699999999989
4,124,2014,4,26.76699999999989
4,124,2014,5,26.76699999999989
4,124,2014,6,26.76699999999989
4,124,2014,7,26.76699999999989
4,124,2014,8,26.76699999999989
4,130,2013,9,26.471999999999962
4,130,2013,10,26.471999999999962
4,130,2013,11,26.471999999999962
4,130,2013,12,26.471999999999962
4,130,2014,1,26.471999999999962
4,130,2014,2,26.471999999999962
4,130,2014,3,26.471999999999962
4,130,2014,4,26.471999999999962
4,130,2014,5,26.471999999999962
4,130,2014,6,26.471999999999962
4,130,2014,7,26.471999999999962
4,130,2014,8,26.471999999999962
4,160,2013,9,27.625
4,160,2013,10,27.625
4,160,2013,11,27.625
4,160,2013,12,27.625
4,160,2014,1,27.625
4,160,2014,2,27.625
4,160,2014,3,27.625
4,160,2014,4,27.625
4,160,2014,5,27.625
4,160,2014,6,27.625
4,160,2014,7,27.625
4,160,2014,8,27.625
4,168,2013,9,28.42399999999998
4,168,2013,10,28.42399999999998
4,168,2013,11,28.42399999999998
4,168,2013,12,28.42399999999998
4,168,2014,1,28.42399999999998
4,168,2014,2,28.42399999999998
4,168,2014,3,28.42399999999998
4,168,2014,4,28.42399999999998
4,168,2014,5,28.42399999999998
4,168,2014,6,28.42399999999998
4,168,2014,7,28.42399999999998
4,168,2014,8,28.42399999999998
4,169,2013,9,29.72712799999995
4,169,2013,10,29.727351999999964
4,169,2013,11,29.72735199999996
4,169,2013,12,29.727331999999965
4,169,2014,1,29.727303999999965
4,169,2014,2,29.727303999999965
4,169,2014,3,29.727303999999968
4,169,2014,4,29.727303999999968
4,169,2014,5,29.727327999999968
4,169,2014,6,29.727323999999967
4,169,2014,7,29.72734399999997
4,169,2014,8,29.727331999999965
4,172,2013,9,29.27099199999994
4,172,2013,10,29.27099199999994
4,172,2013,11,29.27099199999994
4,172,2013,12,29.270995999999936
4,172,2014,1,29.27098799999994
4,172,2014,2,29.27098799999994
4,172,2014,3,29.27098799999994
4,172,2014,4,29.27098799999994
4,172,2014,5,29.270991999999936
4,172,2014,6,29.270983999999938
4,172,2014,7,29.27098799999994
4,172,2014,8,29.27099199999994
4,192,2013,9,10.904996000000033
4,192,2013,10,10.904996000000033
4,192,2013,11,10.904996000000033
4,192,2013,12,10.904996000000033
4,192,2014,1,10.904996000000033
4,192,2014,2,10.904996000000033
4,192,2014,3,10.904996000000033
4,192,2014,4,10.904996000000033
4,192,2014,5,10.904996000000033
4,192,2014,6,10.904996000000033
4,192,2014,7,10.904996000000033
4,192,2014,8,10.904996000000033
4,200,2013,9,27.914999999999967
4,200,2013,10,27.914999999999967
4,200,2013,11,27.914999999999967
4,200,2013,12,27.914999999999967
4,200,2014,1,27.914999999999967
4,200,2014,2,27.914999999999967
4,200,2014,3,27.914999999999967
4,200,2014,4,27.914999999999967
4,200,2014,5,27.914999999999967
4,200,2014,6,27.914999999999967
4,200,2014,7,27.914999999999967
4,200,2014,8,27.914999999999967
4,209,2013,9,28.30000800000012
4,209,2013,10,28.30000800000012
4,209,2013,11,28.30000800000012
4,209,2013,12,28.30000800000012
4,209,2014,1,28.30000800000012
4,209,2014,2,28.30000800000012
4,209,2014,3,28.30000800000012
4,209,2014,4,28.30000800000012
4,209,2014,5,28.30000800000012
4,209,2014,6,28.30000800000012
4,209,2014,7,28.30000800000012
4,209,2014,8,28.30000800000012
4,218,2013,9,28.99401599999992
4,218,2013,10,28.994055999999915
4,218,2013,11,28.994055999999915
4,218,2013,12,28.994055999999915
4,218,2014,1,28.994047999999918
4,218,2014,2,28.994047999999918
4,218,2014,3,28.994047999999918
4,218,2014,4,28.994047999999918
4,218,2014,5,28.994055999999915
4,218,2014,6,28.994055999999915
4,218,2014,7,28.994055999999915
4,218,2014,8,28.99405999999992
4,219,2013,9,20.199023999999962
4,219,2013,10,20.199027999999963
4,219,2013,11,20.199035999999964
4,219,2013,12,20.199039999999965
4,219,2014,1,20.199027999999963
4,219,2014,2,20.199027999999963
4,219,2014,3,20.199023999999962
4,219,2014,4,20.199023999999962
4,219,2014,5,20.199023999999962
4,219,2014,6,20.199023999999962
4,219,2014,7,20.199023999999962
4,219,2014,8,20.199023999999962
4,228,2013,9,28.686023999999904
4,228,2013,10,28.686023999999904
4,228,2013,11,28.686023999999904
4,228,2013,12,28.6860279999999
4,228,2014,1,28.6860279999999
4,228,2014,2,28.6860279999999
4,228,2014,3,28.686027999999904
4,228,2014,4,28.6860279999999
4,228,2014,5,28.686031999999898
4,228,2014,6,28.6860279999999
4,228,2014,7,28.6860279999999
4,228,2014,8,28.6860279999999
5,1,2013,9,22.086972000000102
5,1,2013,10,22.086972000000102
5,1,2013,11,22.086972000000102
5,1,2013,12,22.086988000000108
5,1,2014,1,22.086984000000108
5,1,2014,2,22.086984000000108
5,1,2014,3,22.086984000000108
5,1,2014,4,22.086984000000108
5,1,2014,5,22.086988000000108
5,1,2014,6,22.086988000000108
5,1,2014,7,22.086988000000108
5,1,2014,8,22.086988000000108
5,2,2013,9,15.981999999999974
5,2,2013,10,15.981999999999976
5,2,2013,11,15.981999999999976
5,2,2013,12,15.981999999999976
5,2,2014,1,15.981999999999976
5,2,2014,2,15.981999999999976
5,2,2014,3,15.981999999999976
5,2,2014,4,15.981999999999976
5,2,2014,5,15.981999999999976
5,2,2014,6,15.981999999999976
5,2,2014,7,15.981999999999974
5,2,2014,8,15.981999999999976
5,7,2013,9,16.885000000000108
5,7,2013,10,16.885000000000108
5,7,2013,11,16.885000000000108
5,7,2013,12,16.885000000000108
5,7,2014,1,16.885000000000108
5,7,2014,2,16.885000000000108
5,7,2014,3,16.885000000000108
5,7,2014,4,16.885000000000108
5,7,2014,5,16.885000000000108
5,7,2014,6,16.885000000000108
5,7,2014,7,16.885000000000108
5,7,2014,8,16.885000000000108
5,9,2013,9,15.276996000000036
5,9,2013,10,15.276996000000036
5,9,2013,11,15.276996000000036
5,9,2013,12,15.276996000000036
5,9,2014,1,15.276996000000036
5,9,2014,2,15.276996000000036
5,9,2014,3,15.276996000000036
5,9,2014,4,15.276996000000036
5,9,2014,5,15.276996000000036
5,9,2014,6,15.276996000000036
5,9,2014,7,15.276996000000036
5,9,2014,8,15.276996000000036
5,15,2013,9,12.369991999999929
5,15,2013,10,12.369991999999929
5,15,2013,11,12.369991999999929
5,15,2013,12,12.369991999999929
5,15,2014,1,12.36999599999993
5,15,2014,2,12.36999599999993
5,15,2014,3,12.36999599999993
5,15,2014,4,12.36999599999993
5,15,2014,5,12.36999599999993
5,15,2014,6,12.369991999999929
5,15,2014,7,12.369991999999929
5,15,2014,8,12.369991999999929
5,18,2013,9,23.780007999999977
5,18,2013,10,23.780007999999977
5,18,2013,11,23.780007999999977
5,18,2013,12,23.780007999999977
5,18,2014,1,23.78000399999998
5,18,2014,2,23.78000399999998
5,18,2014,3,23.78000399999998
5,18,2014,4,23.78000399999998
5,18,2014,5,23.780007999999977
5,18,2014,6,23.780007999999977
5,18,2014,7,23.780007999999977
5,18,2014,8,23.780007999999977
5,21,2013,9,17.363003999999954
5,21,2013,10,17.363003999999954
5,21,2013,11,17.363003999999954
5,21,2013,12,17.363003999999954
5,21,2014,1,17.363003999999954
5,21,2014,2,17.363003999999954
5,21,2014,3,17.363003999999954
5,21,2014,4,17.363003999999954
5,21,2014,5,17.363003999999954
5,21,2014,6,17.363003999999954
5,21,2014,7,17.363003999999954
5,21,2014,8,17.363003999999954
5,23,2013,9,20.646000000000008
5,23,2013,10,20.646000000000008
5,23,2013,11,20.646000000000008
5,23,2013,12,20.646000000000008
5,23,2014,1,20.646000000000008
5,23,2014,2,20.646000000000008
5,23,2014,3,20.646000000000008
5,23,2014,4,20.646000000000008
5,23,2014,5,20.646000000000008
5,23,2014,6,20.646000000000008
5,23,2014,7,20.646000000000008
5,23,2014,8,20.646000000000008
5,26,2013,9,18.523999999999965
5,26,2013,10,18.523999999999965
5,26,2013,11,18.523999999999965
5,26,2013,12,18.523999999999965
5,26,2014,1,18.523995999999965
5,26,2014,2,18.523995999999965
5,26,2014,3,18.523995999999965
5,26,2014,4,18.523995999999965
5,26,2014,5,18.523995999999965
5,26,2014,6,18.523999999999965
5,26,2014,7,18.523999999999965
5,26,2014,8,18.523999999999965
5,27,2013,9,13.249988
5,27,2013,10,13.249988
5,27,2013,11,13.249988
5,27,2013,12,13.249988
5,27,2014,1,13.249991999999999
5,27,2014,2,13.249991999999999
5,27,2014,3,13.249991999999999
5,27,2014,4,13.249991999999999
5,27,2014,5,13.249991999999999
5,27,2014,6,13.249991999999999
5,27,2014,7,13.249991999999999
5,27,2014,8,13.249988
5,30,2013,9,20.66097200000004
5,30,2013,10,20.66096800000004
5,30,2013,11,20.66096400000004
5,30,2013,12,20.66095600000004
5,30,2014,1,20.660964000000043
5,30,2014,2,20.66096400000004
5,30,2014,3,20.66096800000004
5,30,2014,4,20.660968000000043
5,30,2014,5,20.660968000000043
5,30,2014,6,20.66097200000004
5,30,2014,7,20.66097200000004
5,30,2014,8,20.660972000000044
5,31,2013,9,17.041000000000075
5,31,2013,10,17.041000000000075
5,31,2013,11,17.041000000000075
5,31,2013,12,17.04100000000007
5,31,2014,1,17.04100000000007
5,31,2014,2,17.04100000000007
5,31,2014,3,17.041000000000075
5,31,2014,4,17.04100000000007
5,31,2014,5,17.041000000000075
5,31,2014,6,17.041000000000075
5,31,2014,7,17.041000000000075
5,31,2014,8,17.041000000000075
5,33,2013,9,13.865003999999916
5,33,2013,10,13.865003999999916
5,33,2013,11,13.865003999999916
5,33,2013,12,13.865003999999916
5,33,2014,1,13.865003999999916
5,33,2014,2,13.865003999999916
5,33,2014,3,13.865003999999916
5,33,2014,4,13.865003999999916
5,33,2014,5,13.865003999999916
5,33,2014,6,13.865003999999916
5,33,2014,7,13.865003999999916
5,33,2014,8,13.865003999999916
5,35,2013,9,10.061999999999944
5,35,2013,10,10.061999999999944
5,35,2013,11,10.061999999999944
5,35,2013,12,10.061999999999944
5,35,2014,1,10.061999999999944
5,35,2014,2,10.061999999999944
5,35,2014,3,10.061999999999944
5,35,2014,4,10.061999999999944
5,35,2014,5,10.061999999999944
5,35,2014,6,10.061999999999944
5,35,2014,7,10.061999999999944
5,35,2014,8,10.061999999999944
5,36,2013,9,18.93000799999998
5,36,2013,10,18.93000799999998
5,36,2013,11,18.93000799999998
5,36,2013,12,18.93001199999998
5,36,2014,1,18.93000799999998
5,36,2014,2,18.93000799999998
5,36,2014,3,18.93000399999998
5,36,2014,4,18.93000399999998
5,36,2014,5,18.93000399999998
5,36,2014,6,18.93000399999998
5,36,2014,7,18.93000399999998
5,36,2014,8,18.93000399999998
5,37,2013,9,17.12100000000007
5,37,2013,10,17.12100000000007
5,37,2013,11,17.12100000000007
5,37,2013,12,17.12100000000007
5,37,2014,1,17.12100000000007
5,37,2014,2,17.12100000000007
5,37,2014,3,17.12100000000007
5,37,2014,4,17.12100000000007
5,37,2014,5,17.12100000000007
5,37,2014,6,17.12100000000007
5,37,2014,7,17.12100000000007
5,37,2014,8,17.12100000000007
5,41,2013,9,22.235003999999947
5,41,2013,10,22.235003999999947
5,41,2013,11,22.235003999999947
5,41,2013,12,22.235003999999947
5,41,2014,1,22.235003999999947
5,41,2014,2,22.235003999999947
5,41,2014,3,22.235003999999947
5,41,2014,4,22.235003999999947
5,41,2014,5,22.235003999999947
5,41,2014,6,22.235003999999947
5,41,2014,7,22.235003999999947
5,41,2014,8,22.235003999999947
5,47,2013,9,12.037007999999954
5,47,2013,10,12.037007999999954
5,47,2013,11,12.037007999999954
5,47,2013,12,12.037007999999954
5,47,2014,1,12.037007999999954
5,47,2014,2,12.037007999999954
5,47,2014,3,12.037007999999954
5,47,2014,4,12.037007999999954
5,47,2014,5,12.037007999999954
5,47,2014,6,12.037007999999954
5,47,2014,7,12.037007999999954
5,47,2014,8,12.037007999999954
5,53,2013,9,10.947999999999997
5,53,2013,10,10.947999999999997
5,53,2013,11,10.947999999999997
5,53,2013,12,10.947999999999997
5,53,2014,1,10.947999999999997
5,53,2014,2,10.947999999999997
5,53,2014,3,10.947999999999997
5,53,2014,4,10.947999999999997
5,53,2014,5,10.947999999999997
5,53,2014,6,10.947999999999997
5,53,2014,7,10.947999999999997
5,53,2014,8,10.947999999999997
5,70,2013,9,19.358028000000072
5,70,2013,10,19.358028000000072
5,70,2013,11,19.358028000000072
5,70,2013,12,19.358028000000072
5,70,2014,1,19.35802400000007
5,70,2014,2,19.35802400000007
5,70,2014,3,19.35802400000007
5,70,2014,4,19.35802400000007
5,70,2014,5,19.35802400000007
5,70,2014,6,19.35802400000007
5,70,2014,7,19.35802400000007
5,70,2014,8,19.358028000000072
5,72,2013,9,13.938999999999956
5,72,2013,10,13.938999999999956
5,72,2013,11,13.938999999999956
5,72,2013,12,13.938999999999956
5,72,2014,1,13.938999999999956
5,72,2014,2,13.938999999999956
5,72,2014,3,13.938999999999956
5,72,2014,4,13.938999999999956
5,72,2014,5,13.938999999999956
5,72,2014,6,13.938999999999956
5,72,2014,7,13.938999999999956
5,72,2014,8,13.938999999999956
5,73,2013,9,17.570000000000046
5,73,2013,10,17.570000000000046
5,73,2013,11,17.570000000000046
5,73,2013,12,17.570000000000046
5,73,2014,1,17.570000000000046
5,73,2014,2,17.570000000000046
5,73,2014,3,17.570000000000046
5,73,2014,4,17.570000000000046
5,73,2014,5,17.570000000000046
5,73,2014,6,17.570000000000046
5,73,2014,7,17.570000000000046
5,73,2014,8,17.570000000000046
5,79,2013,9,19.512967999999947
5,79,2013,10,19.512967999999947
5,79,2013,11,19.512967999999947
5,79,2013,12,19.512963999999947
5,79,2014,1,19.512987999999943
5,79,2014,2,19.512987999999943
5,79,2014,3,19.512987999999943
5,79,2014,4,19.512987999999943
5,79,2014,5,19.512987999999943
5,79,2014,6,19.512991999999944
5,79,2014,7,19.512991999999944
5,79,2014,8,19.512967999999947
5,80,2013,9,18.402000000000037
5,80,2013,10,18.402000000000037
5,80,2013,11,18.402000000000037
5,80,2013,12,18.402000000000037
5,80,2014,1,18.402000000000037
5,80,2014,2,18.402000000000037
5,80,2014,3,18.402000000000037
5,80,2014,4,18.402000000000037
5,80,2014,5,18.402000000000037
5,80,2014,6,18.402000000000037
5,80,2014,7,18.402000000000037
5,80,2014,8,18.402000000000037
5,81,2013,9,23.83900399999995
5,81,2013,10,23.83900399999995
5,81,2013,11,23.83900399999995
5,81,2013,12,23.83900399999995
5,81,2014,1,23.83900399999995
5,81,2014,2,23.83900399999995
5,81,2014,3,23.83900399999995
5,81,2014,4,23.83900399999995
5,81,2014,5,23.83900399999995
5,81,2014,6,23.83900399999995
5,81,2014,7,23.83900399999995
5,81,2014,8,23.83900399999995
5,82,2013,9,17.831999999999997
5,82,2013,10,17.831999999999997
5,82,2013,11,17.831999999999997
5,82,2013,12,17.831999999999997
5,82,2014,1,17.831999999999997
5,82,2014,2,17.831999999999997
5,82,2014,3,17.831999999999997
5,82,2014,4,17.831999999999997
5,82,2014,5,17.831999999999997
5,82,2014,6,17.831999999999997
5,82,2014,7,17.831999999999994
5,82,2014,8,17.831999999999997
5,83,2013,9,12.534999999999973
5,83,2013,10,12.534999999999973
5,83,2013,11,12.534999999999973
5,83,2013,12,12.534999999999973
5,83,2014,1,12.534999999999973
5,83,2014,2,12.534999999999973
5,83,2014,3,12.534999999999973
5,83,2014,4,12.534999999999973
5,83,2014,5,12.534999999999973
5,83,2014,6,12.534999999999973
5,83,2014,7,12.534999999999973
5,83,2014,8,12.534999999999973
5,85,2013,9,20.23400000000003
5,85,2013,10,20.23400000000003
5,85,2013,11,20.23400000000003
5,85,2013,12,20.23400000000003
5,85,2014,1,20.23400000000003
5,85,2014,2,20.23400000000003
5,85,2014,3,20.23400000000003
5,85,2014,4,20.23400000000003
5,85,2014,5,20.23400000000003
5,85,2014,6,20.23400000000003
5,85,2014,7,20.23400000000003
5,85,2014,8,20.23400000000003
5,86,2013,9,15.525999999999936
5,86,2013,10,15.525999999999936
5,86,2013,11,15.525999999999936
5,86,2013,12,15.525999999999936
5,86,2014,1,15.525999999999936
5,86,2014,2,15.525999999999936
5,86,2014,3,15.525999999999936
5,86,2014,4,15.525999999999936
5,86,2014,5,15.525999999999936
5,86,2014,6,15.525999999999936
5,86,2014,7,15.525999999999936
5,86,2014,8,15.525999999999936
5,88,2013,9,15.112995999999944
5,88,2013,10,15.112995999999944
5,88,2013,11,15.112995999999944
5,88,2013,12,15.112995999999944
5,88,2014,1,15.112995999999944
5,88,2014,2,15.112995999999944
5,88,2014,3,15.112995999999944
5,88,2014,4,15.112995999999944
5,88,2014,5,15.112995999999944
5,88,2014,6,15.112995999999944
5,88,2014,7,15.112995999999944
5,88,2014,8,15.112995999999944
5,91,2013,9,14.570999999999943
5,91,2013,10,14.570999999999943
5,91,2013,11,14.570999999999943
5,91,2013,12,14.570999999999943
5,91,2014,1,14.570999999999943
5,91,2014,2,14.570999999999943
5,91,2014,3,14.570999999999943
5,91,2014,4,14.570999999999943
5,91,2014,5,14.570999999999943
5,91,2014,6,14.570999999999943
5,91,2014,7,14.570999999999943
5,91,2014,8,14.570999999999943
5,92,2013,9,13.911000000000033
5,92,2013,10,13.911000000000033
5,92,2013,11,13.911000000000033
5,92,2013,12,13.911000000000033
5,92,2014,1,13.911000000000033
5,92,2014,2,13.911000000000033
5,92,2014,3,13.911000000000033
5,92,2014,4,13.911000000000033
5,92,2014,5,13.911000000000033
5,92,2014,6,13.911000000000033
5,92,2014,7,13.911000000000033
5,92,2014,8,13.911000000000033
5,93,2013,9,14.757000000000039
5,93,2013,10,14.757000000000039
5,93,2013,11,14.757000000000039
5,93,2013,12,14.757000000000039
5,93,2014,1,14.757000000000039
5,93,2014,2,14.757000000000039
5,93,2014,3,14.757000000000039
5,93,2014,4,14.757000000000039
5,93,2014,5,14.757000000000039
5,93,2014,6,14.757000000000039
5,93,2014,7,14.757000000000039
5,93,2014,8,14.757000000000039
5,94,2013,9,16.574000000000044
5,94,2013,10,16.574000000000044
5,94,2013,11,16.574000000000044
5,94,2013,12,16.574000000000044
5,94,2014,1,16.574000000000044
5,94,2014,2,16.574000000000044
5,94,2014,3,16.574000000000044
5,94,2014,4,16.574000000000044
5,94,2014,5,16.574000000000044
5,94,2014,6,16.574000000000044
5,94,2014,7,16.574000000000044
5,94,2014,8,16.574000000000044
5,95,2013,9,13.420000000000044
5,95,2013,10,13.420000000000044
5,95,2013,11,13.420000000000044
5,95,2013,12,13.420000000000044
5,95,2014,1,13.420000000000044
5,95,2014,2,13.420000000000044
5,95,2014,3,13.420000000000044
5,95,2014,4,13.420000000000044
5,95,2014,5,13.420000000000044
5,95,2014,6,13.420000000000044
5,95,2014,7,13.420000000000044
5,95,2014,8,13.420000000000044
5,96,2013,9,15.53800000000001
5,96,2013,10,15.53800000000001
5,96,2013,11,15.53800000000001
5,96,2013,12,15.53800000000001
5,96,2014,1,15.53800000000001
5,96,2014,2,15.53800000000001
5,96,2014,3,15.53800000000001
5,96,2014,4,15.53800000000001
5,96,2014,5,15.53800000000001
5,96,2014,6,15.53800000000001
5,96,2014,7,15.53800000000001
5,96,2014,8,15.53800000000001
5,97,2013,9,12.510999999999974
5,97,2013,10,12.510999999999974
5,97,2013,11,12.510999999999974
5,97,2013,12,12.510999999999974
5,97,2014,1,12.510999999999974
5,97,2014,2,12.510999999999974
5,97,2014,3,12.510999999999974
5,97,2014,4,12.510999999999974
5,97,2014,5,12.510999999999974
5,97,2014,6,12.510999999999974
5,97,2014,7,12.510999999999974
5,97,2014,8,12.510999999999974
5,98,2013,9,16.632000000000033
5,98,2013,10,16.632000000000033
5,98,2013,11,16.632000000000033
5,98,2013,12,16.632000000000033
5,98,2014,1,16.632000000000033
5,98,2014,2,16.632000000000033
5,98,2014,3,16.632000000000033
5,98,2014,4,16.632000000000033
5,98,2014,5,16.632000000000033
5,98,2014,6,16.632000000000033
5,98,2014,7,16.632000000000033
5,98,2014,8,16.632000000000033
5,99,2013,9,23.169984000000056
5,99,2013,10,23.169984000000056
5,99,2013,11,23.169984000000056
5,99,2013,12,23.169984000000056
5,99,2014,1,23.169984000000056
5,99,2014,2,23.169984000000056
5,99,2014,3,23.169984000000056
5,99,2014,4,23.169984000000056
5,99,2014,5,23.169984000000056
5,99,2014,6,23.169984000000056
5,99,2014,7,23.169984000000056
5,99,2014,8,23.169984000000056
5,100,2013,9,14.471000000000002
5,100,2013,10,14.471000000000002
5,100,2013,11,14.471000000000002
5,100,2013,12,14.471000000000002
5,100,2014,1,14.471000000000002
5,100,2014,2,14.471000000000002
5,100,2014,3,14.471000000000002
5,100,2014,4,14.471000000000002
5,100,2014,5,14.471000000000002
5,100,2014,6,14.471000000000002
5,100,2014,7,14.471000000000002
5,100,2014,8,14.471000000000002
5,101,2013,9,17.51000000000011
5,101,2013,10,17.51000000000011
5,101,2013,11,17.51000000000011
5,101,2013,12,17.51000000000011
5,101,2014,1,17.51000000000011
5,101,2014,2,17.51000000000011
5,101,2014,3,17.51000000000011
5,101,2014,4,17.51000000000011
5,101,2014,5,17.51000000000011
5,101,2014,6,17.51000000000011
5,101,2014,7,17.51000000000011
5,101,2014,8,17.51000000000011
5,102,2013,9,19.46200400000006
5,102,2013,10,19.46200400000006
5,102,2013,11,19.46200400000006
5,102,2013,12,19.46200400000006
5,102,2014,1,19.46200400000006
5,102,2014,2,19.46200400000006
5,102,2014,3,19.46200400000006
5,102,2014,4,19.46200400000006
5,102,2014,5,19.46200400000006
5,102,2014,6,19.46200400000006
5,102,2014,7,19.46200400000006
5,102,2014,8,19.46200400000006
5,103,2013,9,16.550000000000075
5,103,2013,10,16.550000000000075
5,103,2013,11,16.550000000000075
5,103,2013,12,16.550000000000075
5,103,2014,1,16.550000000000075
5,103,2014,2,16.550000000000075
5,103,2014,3,16.550000000000075
5,103,2014,4,16.550000000000075
5,103,2014,5,16.550000000000075
5,103,2014,6,16.550000000000075
5,103,2014,7,16.550000000000075
5,103,2014,8,16.550000000000075
5,105,2013,9,19.498999999999892
5,105,2013,10,19.498999999999892
5,105,2013,11,19.498999999999892
5,105,2013,12,19.498999999999892
5,105,2014,1,19.498999999999892
5,105,2014,2,19.498999999999892
5,105,2014,3,19.498999999999892
5,105,2014,4,19.498999999999892
5,105,2014,5,19.498999999999892
5,105,2014,6,19.498999999999892
5,105,2014,7,19.498999999999892
5,105,2014,8,19.498999999999892
5,108,2013,9,12.195999999999948
5,108,2013,10,12.195999999999948
5,108,2013,11,12.195999999999948
5,108,2013,12,12.195999999999948
5,108,2014,1,12.195999999999948
5,108,2014,2,12.195999999999948
5,108,2014,3,12.195999999999948
5,108,2014,4,12.195999999999948
5,108,2014,5,12.195999999999948
5,108,2014,6,12.195999999999948
5,108,2014,7,12.195999999999948
5,108,2014,8,12.195999999999948
5,113,2013,9,17.931999999999896
5,113,2013,10,17.931999999999896
5,113,2013,11,17.931999999999896
5,113,2013,12,17.931999999999896
5,113,2014,1,17.932003999999893
5,113,2014,2,17.932003999999893
5,113,2014,3,17.932003999999893
5,113,2014,4,17.932003999999893
5,113,2014,5,17.932003999999893
5,113,2014,6,17.932003999999893
5,113,2014,7,17.931999999999896
5,113,2014,8,17.931999999999896
5,126,2013,9,18.780000000000044
5,126,2013,10,18.780000000000044
5,126,2013,11,18.780000000000044
5,126,2013,12,18.780000000000044
5,126,2014,1,18.780000000000044
5,126,2014,2,18.780000000000044
5,126,2014,3,18.780000000000044
5,126,2014,4,18.780000000000044
5,126,2014,5,18.780000000000044
5,126,2014,6,18.780000000000044
5,126,2014,7,18.780000000000044
5,126,2014,8,18.780000000000044
5,127,2013,9,17.485000000000017
5,127,2013,10,17.485000000000017
5,127,2013,11,17.485000000000017
5,127,2013,12,17.485000000000017
5,127,2014,1,17.485000000000017
5,127,2014,2,17.485000000000017
5,127,2014,3,17.485000000000017
5,127,2014,4,17.485000000000017
5,127,2014,5,17.485000000000017
5,127,2014,6,17.485000000000017
5,127,2014,7,17.485000000000017
5,127,2014,8,17.485000000000017
5,128,2013,9,17.652999999999928
5,128,2013,10,17.652999999999928
5,128,2013,11,17.652999999999928
5,128,2013,12,17.652999999999928
5,128,2014,1,17.652999999999928
5,128,2014,2,17.652999999999928
5,128,2014,3,17.652999999999928
5,128,2014,4,17.652999999999928
5,128,2014,5,17.652999999999928
5,128,2014,6,17.652999999999928
5,128,2014,7,17.652999999999928
5,128,2014,8,17.652999999999928
5,129,2013,9,13.199999999999951
5,129,2013,10,13.199999999999951
5,129,2013,11,13.199999999999951
5,129,2013,12,13.199999999999951
5,129,2014,1,13.199999999999951
5,129,2014,2,13.199999999999951
5,129,2014,3,13.199999999999951
5,129,2014,4,13.199999999999951
5,129,2014,5,13.199999999999951
5,129,2014,6,13.199999999999951
5,129,2014,7,13.199999999999951
5,129,2014,8,13.199999999999951
5,133,2013,9,11.504996000000068
5,133,2013,10,11.504996000000068
5,133,2013,11,11.504996000000068
5,133,2013,12,11.504996000000068
5,133,2014,1,11.504996000000068
5,133,2014,2,11.504996000000068
5,133,2014,3,11.504996000000068
5,133,2014,4,11.504996000000068
5,133,2014,5,11.504996000000068
5,133,2014,6,11.504996000000068
5,133,2014,7,11.504996000000068
5,133,2014,8,11.504996000000068
5,143,2013,9,18.097999999999963
5,143,2013,10,18.097999999999963
5,143,2013,11,18.097999999999963
5,143,2013,12,18.097999999999963
5,143,2014,1,18.097999999999963
5,143,2014,2,18.097999999999963
5,143,2014,3,18.097999999999963
5,143,2014,4,18.097999999999963
5,143,2014,5,18.097999999999963
5,143,2014,6,18.097999999999963
5,143,2014,7,18.097999999999963
5,143,2014,8,18.097999999999963
5,146,2013,9,18.26600000000001
5,146,2013,10,18.26600000000001
5,146,2013,11,18.26600000000001
5,146,2013,12,18.26600000000001
5,146,2014,1,18.26600000000001
5,146,2014,2,18.26600000000001
5,146,2014,3,18.26600000000001
5,146,2014,4,18.26600000000001
5,146,2014,5,18.26600000000001
5,146,2014,6,18.26600000000001
5,146,2014,7,18.26600000000001
5,146,2014,8,18.26600000000001
5,150,2013,9,16.79700000000001
5,150,2013,10,16.79700000000001
5,150,2013,11,16.79700000000001
5,150,2013,12,16.79700000000001
5,150,2014,1,16.79700000000001
5,150,2014,2,16.79700000000001
5,150,2014,3,16.79700000000001
5,150,2014,4,16.79700000000001
5,150,2014,5,16.79700000000001
5,150,2014,6,16.79700000000001
5,150,2014,7,16.79700000000001
5,150,2014,8,16.79700000000001
5,151,2013,9,16.222999999999963
5,151,2013,10,16.222999999999963
5,151,2013,11,16.222999999999963
5,151,2013,12,16.222999999999963
5,151,2014,1,16.222999999999963
5,151,2014,2,16.222999999999963
5,151,2014,3,16.222999999999963
5,151,2014,4,16.222999999999963
5,151,2014,5,16.222999999999963
5,151,2014,6,16.222999999999963
5,151,2014,7,16.222999999999963
5,151,2014,8,16.222999999999963
5,155,2013,9,16.237000000000055
5,155,2013,10,16.237000000000055
5,155,2013,11,16.237000000000055
5,155,2013,12,16.237000000000055
5,155,2014,1,16.237000000000055
5,155,2014,2,16.237000000000055
5,155,2014,3,16.237000000000055
5,155,2014,4,16.237000000000055
5,155,2014,5,16.237000000000055
5,155,2014,6,16.237000000000055
5,155,2014,7,16.237000000000055
5,155,2014,8,16.237000000000055
5,158,2013,9,18.88400000000001
5,158,2013,10,18.88400000000001
5,158,2013,11,18.88400000000001
5,158,2013,12,18.88400000000001
5,158,2014,1,18.88400000000001
5,158,2014,2,18.88400000000001
5,158,2014,3,18.88400000000001
5,158,2014,4,18.88400000000001
5,158,2014,5,18.88400000000001
5,158,2014,6,18.88400000000001
5,158,2014,7,18.88400000000001
5,158,2014,8,18.88400000000001
5,159,2013,9,19.741996000000096
5,159,2013,10,19.741996000000096
5,159,2013,11,19.741996000000096
5,159,2013,12,19.741996000000096
5,159,2014,1,19.742000000000097
5,159,2014,2,19.742000000000097
5,159,2014,3,19.742000000000097
5,159,2014,4,19.742000000000097
5,159,2014,5,19.742000000000097
5,159,2014,6,19.742000000000097
5,159,2014,7,19.741996000000096
5,159,2014,8,19.741996000000096
5,162,2013,9,19.419003999999944
5,162,2013,10,19.419003999999944
5,162,2013,11,19.419003999999944
5,162,2013,12,19.419003999999944
5,162,2014,1,19.419003999999944
5,162,2014,2,19.419003999999944
5,162,2014,3,19.419003999999944
5,162,2014,4,19.419003999999944
5,162,2014,5,19.419003999999944
5,162,2014,6,19.419003999999944
5,162,2014,7,19.419003999999944
5,162,2014,8,19.419003999999944
5,163,2013,9,15.39600000000007
5,163,2013,10,15.39600000000007
5,163,2013,11,15.39600000000007
5,163,2013,12,15.39600000000007
5,163,2014,1,15.39600000000007
5,163,2014,2,15.39600000000007
5,163,2014,3,15.39600000000007
5,163,2014,4,15.39600000000007
5,163,2014,5,15.39600000000007
5,163,2014,6,15.39600000000007
5,163,2014,7,15.39600000000007
5,163,2014,8,15.39600000000007
5,165,2013,9,19.16400000000005
5,165,2013,10,19.16400000000005
5,165,2013,11,19.16400000000005
5,165,2013,12,19.16400000000005
5,165,2014,1,19.16400000000005
5,165,2014,2,19.16400000000005
5,165,2014,3,19.16400000000005
5,165,2014,4,19.16400000000005
5,165,2014,5,19.16400000000005
5,165,2014,6,19.16400000000005
5,165,2014,7,19.16400000000005
5,165,2014,8,19.16400000000005
5,167,2013,9,17.09099999999994
5,167,2013,10,17.09099999999994
5,167,2013,11,17.09099999999994
5,167,2013,12,17.09099999999994
5,167,2014,1,17.09099999999994
5,167,2014,2,17.09099999999994
5,167,2014,3,17.09099999999994
5,167,2014,4,17.09099999999994
5,167,2014,5,17.09099999999994
5,167,2014,6,17.09099999999994
5,167,2014,7,17.09099999999994
5,167,2014,8,17.09099999999994
5,178,2013,9,22.99199200000011
5,178,2013,10,22.99199200000011
5,178,2013,11,22.99199200000011
5,178,2013,12,22.99199200000011
5,178,2014,1,22.99199200000011
5,178,2014,2,22.99199200000011
5,178,2014,3,22.99199200000011
5,178,2014,4,22.99199200000011
5,178,2014,5,22.99199200000011
5,178,2014,6,22.99199200000011
5,178,2014,7,22.99199200000011
5,178,2014,8,22.99199200000011
5,179,2013,9,18.784999999999936
5,179,2013,10,18.784999999999936
5,179,2013,11,18.784999999999936
5,179,2013,12,18.784999999999936
5,179,2014,1,18.784999999999936
5,179,2014,2,18.784999999999936
5,179,2014,3,18.784999999999936
5,179,2014,4,18.784999999999936
5,179,2014,5,18.784999999999936
5,179,2014,6,18.784999999999936
5,179,2014,7,18.784999999999936
5,179,2014,8,18.784999999999936
5,180,2013,9,11.462992000000039
5,180,2013,10,11.462992000000039
5,180,2013,11,11.462992000000039
5,180,2013,12,11.46299600000004
5,180,2014,1,11.46299600000004
5,180,2014,2,11.46299600000004
5,180,2014,3,11.46299600000004
5,180,2014,4,11.46299600000004
5,180,2014,5,11.46299600000004
5,180,2014,6,11.46299600000004
5,180,2014,7,11.46299600000004
5,180,2014,8,11.46299600000004
5,181,2013,9,15.976000000000084
5,181,2013,10,15.976000000000084
5,181,2013,11,15.976000000000084
5,181,2013,12,15.976000000000084
5,181,2014,1,15.976000000000084
5,181,2014,2,15.976000000000084
5,181,2014,3,15.976000000000084
5,181,2014,4,15.976000000000084
5,181,2014,5,15.976000000000084
5,181,2014,6,15.976000000000084
5,181,2014,7,15.976000000000084
5,181,2014,8,15.976000000000084
5,182,2013,9,19.984000000000027
5,182,2013,10,19.984000000000027
5,182,2013,11,19.984000000000027
5,182,2013,12,19.984000000000027
5,182,2014,1,19.984000000000027
5,182,2014,2,19.984000000000027
5,182,2014,3,19.984000000000027
5,182,2014,4,19.984000000000027
5,182,2014,5,19.984000000000027
5,182,2014,6,19.984000000000027
5,182,2014,7,19.984000000000027
5,182,2014,8,19.984000000000027
5,184,2013,9,21.055999999999933
5,184,2013,10,21.055999999999933
5,184,2013,11,21.05600399999993
5,184,2013,12,21.05600399999993
5,184,2014,1,21.055999999999933
5,184,2014,2,21.055999999999933
5,184,2014,3,21.055999999999933
5,184,2014,4,21.055999999999933
5,184,2014,5,21.055999999999933
5,184,2014,6,21.055999999999933
5,184,2014,7,21.055999999999933
5,184,2014,8,21.055999999999933
5,193,2013,9,17.31399999999996
5,193,2013,10,17.31399999999996
5,193,2013,11,17.31399999999996
5,193,2013,12,17.31399999999996
5,193,2014,1,17.31399999999996
5,193,2014,2,17.31399999999996
5,193,2014,3,17.31399999999996
5,193,2014,4,17.31399999999996
5,193,2014,5,17.31399999999996
5,193,2014,6,17.31399999999996
5,193,2014,7,17.31399999999996
5,193,2014,8,17.31399999999996
5,197,2013,9,22.571996000000084
5,197,2013,10,22.571996000000087
5,197,2013,11,22.571996000000084
5,197,2013,12,22.571996000000084
5,197,2014,1,22.571996000000087
5,197,2014,2,22.571996000000087
5,197,2014,3,22.571996000000087
5,197,2014,4,22.571996000000087
5,197,2014,5,22.571996000000087
5,197,2014,6,22.571996000000087
5,197,2014,7,22.571996000000087
5,197,2014,8,22.571996000000087
5,198,2013,9,15.764000000000035
5,198,2013,10,15.764000000000035
5,198,2013,11,15.764000000000035
5,198,2013,12,15.764000000000035
5,198,2014,1,15.764000000000035
5,198,2014,2,15.764000000000035
5,198,2014,3,15.764000000000035
5,198,2014,4,15.764000000000035
5,198,2014,5,15.764000000000035
5,198,2014,6,15.764000000000035
5,198,2014,7,15.764000000000035
5,198,2014,8,15.764000000000035
5,199,2013,9,19.757999999999903
5,199,2013,10,19.757999999999903
5,199,2013,11,19.757999999999903
5,199,2013,12,19.757999999999903
5,199,2014,1,19.757999999999903
5,199,2014,2,19.757999999999903
5,199,2014,3,19.757999999999903
5,199,2014,4,19.757999999999903
5,199,2014,5,19.757999999999903
5,199,2014,6,19.757999999999903
5,199,2014,7,19.757999999999903
5,199,2014,8,19.757999999999903
5,202,2013,9,18.631999999999984
5,202,2013,10,18.631999999999984
5,202,2013,11,18.631999999999984
5,202,2013,12,18.631999999999984
5,202,2014,1,18.631999999999984
5,202,2014,2,18.631999999999984
5,202,2014,3,18.631999999999984
5,202,2014,4,18.631999999999984
5,202,2014,5,18.631999999999984
5,202,2014,6,18.631999999999984
5,202,2014,7,18.631999999999984
5,202,2014,8,18.631999999999984
5,203,2013,9,7.9649959999999655
5,203,2013,10,7.9649959999999655
5,203,2013,11,7.9649959999999655
5,203,2013,12,7.9649959999999655
5,203,2014,1,7.9649959999999655
5,203,2014,2,7.9649959999999655
5,203,2014,3,7.9649959999999655
5,203,2014,4,7.9649959999999655
5,203,2014,5,7.9649959999999655
5,203,2014,6,7.9649959999999655
5,203,2014,7,7.9649959999999655
5,203,2014,8,7.9649959999999655
5,208,2013,9,15.54300000000003
5,208,2013,10,15.54300000000003
5,208,2013,11,15.54300000000003
5,208,2013,12,15.54300000000003
5,208,2014,1,15.54300000000003
5,208,2014,2,15.54300000000003
5,208,2014,3,15.54300000000003
5,208,2014,4,15.54300000000003
5,208,2014,5,15.54300000000003
5,208,2014,6,15.54300000000003
5,208,2014,7,15.54300000000003
5,208,2014,8,15.54300000000003
5,210,2013,9,18.295999999999964
5,210,2013,10,18.295999999999964
5,210,2013,11,18.295999999999964
5,210,2013,12,18.295999999999964
5,210,2014,1,18.295999999999964
5,210,2014,2,18.295999999999964
5,210,2014,3,18.295999999999964
5,210,2014,4,18.295999999999964
5,210,2014,5,18.295999999999964
5,210,2014,6,18.295999999999964
5,210,2014,7,18.295999999999964
5,210,2014,8,18.295999999999964
5,211,2013,9,12.21000000000003
5,211,2013,10,12.21000000000003
5,211,2013,11,12.21000000000003
5,211,2013,12,12.21000000000003
5,211,2014,1,12.21000000000003
5,211,2014,2,12.21000000000003
5,211,2014,3,12.21000000000003
5,211,2014,4,12.21000000000003
5,211,2014,5,12.21000000000003
5,211,2014,6,12.21000000000003
5,211,2014,7,12.21000000000003
5,211,2014,8,12.21000000000003
5,212,2013,9,16.84299999999994
5,212,2013,10,16.84299999999994
5,212,2013,11,16.84299999999994
5,212,2013,12,16.84299999999994
5,212,2014,1,16.84299999999994
5,212,2014,2,16.84299999999994
5,212,2014,3,16.84299999999994
5,212,2014,4,16.84299999999994
5,212,2014,5,16.84299999999994
5,212,2014,6,16.84299999999994
5,212,2014,7,16.84299999999994
5,212,2014,8,16.84299999999994
5,213,2013,9,16.10199999999995
5,213,2013,10,16.10199999999995
5,213,2013,11,16.10199999999995
5,213,2013,12,16.10199999999995
5,213,2014,1,16.10199999999995
5,213,2014,2,16.10199999999995
5,213,2014,3,16.10199999999995
5,213,2014,4,16.10199999999995
5,213,2014,5,16.10199999999995
5,213,2014,6,16.10199999999995
5,213,2014,7,16.10199999999995
5,213,2014,8,16.10199999999995
5,214,2013,9,17.17399999999998
5,214,2013,10,17.17399999999998
5,214,2013,11,17.17399999999998
5,214,2013,12,17.17399999999998
5,214,2014,1,17.17399999999998
5,214,2014,2,17.17399999999998
5,214,2014,3,17.17399999999998
5,214,2014,4,17.17399999999998
5,214,2014,5,17.17399999999998
5,214,2014,6,17.17399999999998
5,214,2014,7,17.17399999999998
5,214,2014,8,17.17399999999998
5,215,2013,9,19.304999999999982
5,215,2013,10,19.304999999999982
5,215,2013,11,19.304999999999982
5,215,2013,12,19.304999999999982
5,215,2014,1,19.304999999999982
5,215,2014,2,19.304999999999982
5,215,2014,3,19.304999999999982
5,215,2014,4,19.304999999999982
5,215,2014,5,19.304999999999982
5,215,2014,6,19.304999999999982
5,215,2014,7,19.304999999999982
5,215,2014,8,19.304999999999982
5,216,2013,9,15.367000000000074
5,216,2013,10,15.367000000000074
5,216,2013,11,15.367000000000074
5,216,2013,12,15.367000000000074
5,216,2014,1,15.367000000000074
5,216,2014,2,15.367000000000074
5,216,2014,3,15.367000000000074
5,216,2014,4,15.367000000000074
5,216,2014,5,15.367000000000074
5,216,2014,6,15.367000000000074
5,216,2014,7,15.367000000000074
5,216,2014,8,15.367000000000074
5,223,2013,9,18.083000000000016
5,223,2013,10,18.083000000000016
5,223,2013,11,18.083000000000016
5,223,2013,12,18.083004000000017
5,223,2014,1,18.083016000000015
5,223,2014,2,18.083016000000015
5,223,2014,3,18.083016000000015
5,223,2014,4,18.083016000000015
5,223,2014,5,18.083016000000015
5,223,2014,6,18.083008000000017
5,223,2014,7,18.083008000000017
5,223,2014,8,18.083008000000017
5,224,2013,9,22.238000000000024
5,224,2013,10,22.238000000000024
5,224,2013,11,22.238000000000024
5,224,2013,12,22.238000000000024
5,224,2014,1,22.238000000000024
5,224,2014,2,22.238000000000024
5,224,2014,3,22.238000000000024
5,224,2014,4,22.238000000000024
5,224,2014,5,22.238000000000024
5,224,2014,6,22.238000000000024
5,224,2014,7,22.238000000000024
5,224,2014,8,22.238000000000024
5,225,2013,9,16.019999999999985
5,225,2013,10,16.019999999999985
5,225,2013,11,16.019999999999985
5,225,2013,12,16.019999999999985
5,225,2014,1,16.019999999999985
5,225,2014,2,16.019999999999985
5,225,2014,3,16.019999999999985
5,225,2014,4,16.019999999999985
5,225,2014,5,16.019999999999985
5,225,2014,6,16.019999999999985
5,225,2014,7,16.019999999999985
5,225,2014,8,16.019999999999985
5,226,2013,9,20.953004000000075
5,226,2013,10,20.953004000000075
5,226,2013,11,20.953004000000075
5,226,2013,12,20.953004000000075
5,226,2014,1,20.953012000000072
5,226,2014,2,20.953012000000072
5,226,2014,3,20.953012000000072
5,226,2014,4,20.953012000000072
5,226,2014,5,20.953012000000072
5,226,2014,6,20.953012000000072
5,226,2014,7,20.953012000000072
5,226,2014,8,20.953004000000075
5,235,2013,9,12.402999999999942
5,235,2013,10,12.402999999999942
5,235,2013,11,12.40299999999994
5,235,2013,12,12.40299999999994
5,235,2014,1,12.402999999999942
5,235,2014,2,12.402999999999942
5,235,2014,3,12.40299999999994
5,235,2014,4,12.40299999999994
5,235,2014,5,12.40299999999994
5,235,2014,6,12.402999999999942
5,235,2014,7,12.402999999999942
5,235,2014,8,12.40299999999994
5,236,2013,9,16.880999999999958
5,236,2013,10,16.880999999999958
5,236,2013,11,16.880999999999958
5,236,2013,12,16.880999999999958
5,236,2014,1,16.880999999999958
5,236,2014,2,16.880999999999958
5,236,2014,3,16.880999999999958
5,236,2014,4,16.880999999999958
5,236,2014,5,16.880999999999958
5,236,2014,6,16.880999999999958
5,236,2014,7,16.880999999999958
5,236,2014,8,16.880999999999958
5,237,2013,9,19.070000000000018
5,237,2013,10,19.070000000000018
5,237,2013,11,19.070000000000018
5,237,2013,12,19.070000000000018
5,237,2014,1,19.070000000000018
5,237,2014,2,19.070000000000018
5,237,2014,3,19.070000000000018
5,237,2014,4,19.070000000000018
5,237,2014,5,19.070000000000018
5,237,2014,6,19.070000000000018
5,237,2014,7,19.070000000000018
5,237,2014,8,19.070000000000018
6,3,2013,10,25.121000000000077
6,3,2013,11,25.121000000000077
6,3,2013,12,25.121000000000077
6,3,2014,1,25.121000000000077
6,3,2014,2,25.121000000000077
6,3,2014,3,25.121000000000077
6,3,2014,4,25.121000000000077
6,3,2014,5,25.121000000000077
6,3,2014,6,25.121000000000077
6,3,2014,7,25.121000000000077
6,3,2014,8,25.121000000000077
6,3,2014,9,25.121000000000077
6,5,2013,9,11.099000000000023
6,5,2013,10,11.099000000000023
6,5,2013,11,11.099000000000023
6,5,2013,12,11.099000000000023
6,5,2014,1,11.099000000000023
6,5,2014,2,11.099000000000023
6,5,2014,3,11.099000000000023
6,5,2014,4,11.099000000000023
6,5,2014,5,11.099000000000023
6,5,2014,6,11.099000000000023
6,5,2014,7,11.099000000000023
6,5,2014,8,11.099000000000023
6,13,2013,10,23.38400000000001
6,13,2013,11,23.38400000000001
6,13,2013,12,23.38400000000001
6,13,2014,1,23.38400000000001
6,13,2014,2,23.38400000000001
6,13,2014,3,23.38400000000001
6,13,2014,4,23.38400000000001
6,13,2014,5,23.38400000000001
6,13,2014,6,23.38400000000001
6,13,2014,7,23.38400000000001
6,13,2014,8,23.38400000000001
6,13,2014,9,23.38400000000001
6,14,2013,10,24.753999999999923
6,14,2013,11,24.753999999999923
6,14,2013,12,24.753999999999923
6,14,2014,1,24.753999999999923
6,14,2014,2,24.753999999999923
6,14,2014,3,24.753999999999923
6,14,2014,4,24.753999999999923
6,14,2014,5,24.753999999999923
6,14,2014,6,24.753999999999923
6,14,2014,7,24.753999999999923
6,14,2014,8,24.753999999999923
6,14,2014,9,24.753999999999923
6,28,2013,10,21.924015999999984
6,28,2013,11,21.924015999999984
6,28,2013,12,21.924015999999984
6,28,2014,1,21.924015999999984
6,28,2014,2,21.924015999999984
6,28,2014,3,21.924015999999984
6,28,2014,4,21.924015999999984
6,28,2014,5,21.924015999999984
6,28,2014,6,21.924015999999984
6,28,2014,7,21.924015999999984
6,28,2014,8,21.924015999999984
6,28,2014,9,21.924015999999984
6,38,2013,10,17.147984000000054
6,38,2013,11,17.147984000000054
6,38,2013,12,17.147984000000054
6,38,2014,1,17.14798800000005
6,38,2014,2,17.14798800000005
6,38,2014,3,17.14798800000005
6,38,2014,4,17.14798800000005
6,38,2014,5,17.147984000000054
6,38,2014,6,17.147984000000054
6,38,2014,7,17.147984000000054
6,38,2014,8,17.147984000000054
6,38,2014,9,17.147984000000054
6,39,2013,10,17.253995999999933
6,39,2013,11,17.253995999999933
6,39,2013,12,17.253995999999933
6,39,2014,1,17.253995999999933
6,39,2014,2,17.253995999999933
6,39,2014,3,17.253995999999933
6,39,2014,4,17.253995999999933
6,39,2014,5,17.253995999999933
6,39,2014,6,17.253995999999933
6,39,2014,7,17.253995999999933
6,39,2014,8,17.253995999999933
6,39,2014,9,17.253995999999933
6,43,2013,10,19.487983999999994
6,43,2013,11,19.487983999999994
6,43,2013,12,19.48799199999999
6,43,2014,1,19.48800399999999
6,43,2014,2,19.48800399999999
6,43,2014,3,19.48800399999999
6,43,2014,4,19.48800399999999
6,43,2014,5,19.48800399999999
6,43,2014,6,19.487987999999994
6,43,2014,7,19.487983999999994
6,43,2014,8,19.487983999999994
6,43,2014,9,19.487983999999994
6,45,2013,10,19.643024000000025
6,45,2013,11,19.643024000000025
6,45,2013,12,19.643024000000025
6,45,2014,1,19.643012000000024
6,45,2014,2,19.643012000000024
6,45,2014,3,19.643012000000024
6,45,2014,4,19.643012000000024
6,45,2014,5,19.643012000000024
6,45,2014,6,19.643016000000024
6,45,2014,7,19.643020000000025
6,45,2014,8,19.643024000000025
6,45,2014,9,19.643024000000025
6,48,2013,10,27.493000000000134
6,48,2013,11,27.493000000000134
6,48,2013,12,27.493000000000134
6,48,2014,1,27.493000000000134
6,48,2014,2,27.493000000000134
6,48,2014,3,27.493000000000134
6,48,2014,4,27.493000000000134
6,48,2014,5,27.493000000000134
6,48,2014,6,27.493000000000134
6,48,2014,7,27.493000000000134
6,48,2014,8,27.493000000000134
6,48,2014,9,27.493000000000134
6,51,2013,10,25.027000000000037
6,51,2013,11,25.027000000000037
6,51,2013,12,25.027000000000037
6,51,2014,1,25.027000000000037
6,51,2014,2,25.027000000000037
6,51,2014,3,25.027000000000037
6,51,2014,4,25.027000000000037
6,51,2014,5,25.027000000000037
6,51,2014,6,25.027000000000037
6,51,2014,7,25.027000000000037
6,51,2014,8,25.027000000000037
6,51,2014,9,25.027000000000037
6,60,2013,9,24.600999999999942
6,60,2013,10,24.600999999999942
6,60,2013,11,24.600999999999942
6,60,2013,12,24.600999999999942
6,60,2014,1,24.600999999999942
6,60,2014,2,24.600999999999942
6,60,2014,3,24.600999999999942
6,60,2014,4,24.600999999999942
6,60,2014,5,24.600999999999942
6,60,2014,6,24.600999999999942
6,60,2014,7,24.600999999999942
6,60,2014,8,24.600999999999942
6,67,2013,10,15.469999999999919
6,67,2013,11,15.469999999999919
6,67,2013,12,15.469999999999919
6,67,2014,1,15.469999999999919
6,67,2014,2,15.469999999999919
6,67,2014,3,15.469999999999919
6,67,2014,4,15.469999999999919
6,67,2014,5,15.469999999999919
6,67,2014,6,15.469999999999919
6,67,2014,7,15.469999999999919
6,67,2014,8,15.469999999999919
6,67,2014,9,15.469999999999919
6,68,2013,10,21.0080159999999
6,68,2013,11,21.0080159999999
6,68,2013,12,21.0080159999999
6,68,2014,1,21.0080199999999
6,68,2014,2,21.0080199999999
6,68,2014,3,21.0080199999999
6,68,2014,4,21.0080199999999
6,68,2014,5,21.0080199999999
6,68,2014,6,21.0080199999999
6,68,2014,7,21.0080199999999
6,68,2014,8,21.0080159999999
6,68,2014,9,21.0080159999999
6,69,2013,10,20.33199600000004
6,69,2013,11,20.33199600000004
6,69,2013,12,20.33199600000004
6,69,2014,1,20.33199200000004
6,69,2014,2,20.33199200000004
6,69,2014,3,20.33199600000004
6,69,2014,4,20.33199600000004
6,69,2014,5,20.33199600000004
6,69,2014,6,20.33199600000004
6,69,2014,7,20.33199600000004
6,69,2014,8,20.33199600000004
6,69,2014,9,20.33199600000004
6,71,2013,10,20.253995999999933
6,71,2013,11,20.253995999999933
6,71,2013,12,20.253995999999933
6,71,2014,1,20.25400399999993
6,71,2014,2,20.25400399999993
6,71,2014,3,20.25400399999993
6,71,2014,4,20.25400399999993
6,71,2014,5,20.25400399999993
6,71,2014,6,20.25400399999993
6,71,2014,7,20.25400399999993
6,71,2014,8,20.253999999999934
6,71,2014,9,20.253999999999934
6,84,2013,10,23.38400000000001
6,84,2013,11,23.38400000000001
6,84,2013,12,23.38400000000001
6,84,2014,1,23.38400000000001
6,84,2014,2,23.38400000000001
6,84,2014,3,23.38400000000001
6,84,2014,4,23.38400000000001
6,84,2014,5,23.38400000000001
6,84,2014,6,23.38400000000001
6,84,2014,7,23.38400000000001
6,84,2014,8,23.38400000000001
6,84,2014,9,23.38400000000001
6,89,2013,10,21.58505600000003
6,89,2013,11,21.58505600000003
6,89,2013,12,21.58505600000003
6,89,2014,1,21.58505600000003
6,89,2014,2,21.58505600000003
6,89,2014,3,21.58505600000003
6,89,2014,4,21.58505600000003
6,89,2014,5,21.58505600000003
6,89,2014,6,21.58505600000003
6,89,2014,7,21.58505600000003
6,89,2014,8,21.58505600000003
6,89,2014,9,21.58505600000003
6,106,2013,10,27.306999999999856
6,106,2013,11,27.306999999999856
6,106,2013,12,27.306999999999856
6,106,2014,1,27.306999999999856
6,106,2014,2,27.306999999999856
6,106,2014,3,27.306999999999856
6,106,2014,4,27.306999999999856
6,106,2014,5,27.306999999999856
6,106,2014,6,27.306999999999856
6,106,2014,7,27.306999999999856
6,106,2014,8,27.306999999999856
6,106,2014,9,27.306999999999856
6,110,2013,10,14.093003999999954
6,110,2013,11,14.093003999999954
6,110,2013,12,14.093003999999954
6,110,2014,1,14.093003999999954
6,110,2014,2,14.093003999999954
6,110,2014,3,14.093003999999954
6,110,2014,4,14.093003999999954
6,110,2014,5,14.093003999999954
6,110,2014,6,14.093003999999954
6,110,2014,7,14.093003999999954
6,110,2014,8,14.093003999999954
6,110,2014,9,14.093003999999954
6,114,2013,10,19.75900000000001
6,114,2013,11,19.75900000000001
6,114,2013,12,19.75900000000001
6,114,2014,1,19.75900000000001
6,114,2014,2,19.75900000000001
6,114,2014,3,19.75900000000001
6,114,2014,4,19.75900000000001
6,114,2014,5,19.75900000000001
6,114,2014,6,19.75900000000001
6,114,2014,7,19.75900000000001
6,114,2014,8,19.75900000000001
6,114,2014,9,19.75900000000001
6,115,2013,10,16.121000000000066
6,115,2013,11,16.121000000000066
6,115,2013,12,16.121000000000066
6,115,2014,1,16.121000000000066
6,115,2014,2,16.121000000000066
6,115,2014,3,16.121000000000066
6,115,2014,4,16.121000000000066
6,115,2014,5,16.121000000000066
6,115,2014,6,16.121000000000066
6,115,2014,7,16.121000000000066
6,115,2014,8,16.121000000000066
6,115,2014,9,16.121000000000066
6,119,2013,10,15.74800000000004
6,119,2013,11,15.74800000000004
6,119,2013,12,15.74800000000004
6,119,2014,1,15.74800000000004
6,119,2014,2,15.74800000000004
6,119,2014,3,15.74800000000004
6,119,2014,4,15.74800000000004
6,119,2014,5,15.74800000000004
6,119,2014,6,15.74800000000004
6,119,2014,7,15.74800000000004
6,119,2014,8,15.74800000000004
6,119,2014,9,15.74800000000004
6,121,2013,10,16.8070039999999
6,121,2013,11,16.8070039999999
6,121,2013,12,16.8070039999999
6,121,2014,1,16.8070039999999
6,121,2014,2,16.8070039999999
6,121,2014,3,16.8070039999999
6,121,2014,4,16.8070039999999
6,121,2014,5,16.8070039999999
6,121,2014,6,16.8070039999999
6,121,2014,7,16.8070039999999
6,121,2014,8,16.8070039999999
6,121,2014,9,16.8070039999999
6,122,2013,10,26.09000000000009
6,122,2013,11,26.09000000000009
6,122,2013,12,26.09000000000009
6,122,2014,1,26.09000000000009
6,122,2014,2,26.09000000000009
6,122,2014,3,26.09000000000009
6,122,2014,4,26.09000000000009
6,122,2014,5,26.09000000000009
6,122,2014,6,26.09000000000009
6,122,2014,7,26.09000000000009
6,122,2014,8,26.09000000000009
6,122,2014,9,26.09000000000009
6,123,2013,10,22.479995999999893
6,123,2013,11,22.479995999999893
6,123,2013,12,22.480015999999893
6,123,2014,1,22.480015999999893
6,123,2014,2,22.480015999999893
6,123,2014,3,22.480015999999893
6,123,2014,4,22.480015999999893
6,123,2014,5,22.480015999999893
6,123,2014,6,22.479995999999893
6,123,2014,7,22.479995999999893
6,123,2014,8,22.479995999999893
6,123,2014,9,22.479995999999893
6,125,2013,10,16.641999999999932
6,125,2013,11,16.641999999999932
6,125,2013,12,16.641999999999932
6,125,2014,1,16.641999999999932
6,125,2014,2,16.641999999999932
6,125,2014,3,16.641999999999932
6,125,2014,4,16.641999999999932
6,125,2014,5,16.641999999999932
6,125,2014,6,16.641999999999932
6,125,2014,7,16.641999999999932
6,125,2014,8,16.641999999999932
6,125,2014,9,16.641999999999932
6,131,2013,10,21.047039999999924
6,131,2013,11,21.04704799999993
6,131,2013,12,21.047043999999925
6,131,2014,1,21.047039999999924
6,131,2014,2,21.047039999999928
6,131,2014,3,21.047039999999924
6,131,2014,4,21.047039999999924
6,131,2014,5,21.047035999999924
6,131,2014,6,21.047035999999927
6,131,2014,7,21.047035999999924
6,131,2014,8,21.047035999999927
6,131,2014,9,21.047031999999927
6,134,2013,10,18.697000000000067
6,134,2013,11,18.69700000000007
6,134,2013,12,18.697000000000067
6,134,2014,1,18.697000000000067
6,134,2014,2,18.697000000000067
6,134,2014,3,18.697000000000063
6,134,2014,4,18.697000000000067
6,134,2014,5,18.697000000000067
6,134,2014,6,18.697000000000067
6,134,2014,7,18.69700000000007
6,134,2014,8,18.69700000000007
6,134,2014,9,18.697000000000067
6,136,2013,10,14.563999999999952
6,136,2013,11,14.563999999999952
6,136,2013,12,14.563999999999952
6,136,2014,1,14.563999999999952
6,136,2014,2,14.563999999999952
6,136,2014,3,14.563999999999952
6,136,2014,4,14.563999999999952
6,136,2014,5,14.563999999999952
6,136,2014,6,14.563999999999952
6,136,2014,7,14.563999999999952
6,136,2014,8,14.563999999999952
6,136,2014,9,14.563999999999952
6,137,2013,10,18.378000000000025
6,137,2013,11,18.378000000000025
6,137,2013,12,18.378000000000025
6,137,2014,1,18.378000000000025
6,137,2014,2,18.378000000000025
6,137,2014,3,18.378000000000025
6,137,2014,4,18.378000000000025
6,137,2014,5,18.378000000000025
6,137,2014,6,18.378000000000025
6,137,2014,7,18.378000000000025
6,137,2014,8,18.378000000000025
6,137,2014,9,18.378000000000025
6,138,2013,10,19.99899599999989
6,138,2013,11,19.99899599999989
6,138,2013,12,19.99899599999989
6,138,2014,1,19.99899999999989
6,138,2014,2,19.99899999999989
6,138,2014,3,19.99899999999989
6,138,2014,4,19.99899599999989
6,138,2014,5,19.99899599999989
6,138,2014,6,19.99899599999989
6,138,2014,7,19.99899599999989
6,138,2014,8,19.99899599999989
6,138,2014,9,19.99899599999989
6,140,2013,10,15.527012000000035
6,140,2013,11,15.527012000000035
6,140,2013,12,15.527012000000035
6,140,2014,1,15.527012000000035
6,140,2014,2,15.527012000000035
6,140,2014,3,15.527012000000035
6,140,2014,4,15.527012000000035
6,140,2014,5,15.527012000000035
6,140,2014,6,15.527012000000035
6,140,2014,7,15.527012000000035
6,140,2014,8,15.527012000000035
6,140,2014,9,15.527012000000035
6,144,2013,10,22.012935999999936
6,144,2013,11,22.012935999999936
6,144,2013,12,22.012935999999936
6,144,2014,1,22.012935999999936
6,144,2014,2,22.012935999999936
6,144,2014,3,22.012935999999936
6,144,2014,4,22.012935999999936
6,144,2014,5,22.012935999999936
6,144,2014,6,22.012935999999936
6,144,2014,7,22.012935999999936
6,144,2014,8,22.012935999999936
6,144,2014,9,22.012935999999936
6,145,2013,10,17.85899999999998
6,145,2013,11,17.85899999999998
6,145,2013,12,17.85899999999998
6,145,2014,1,17.85899999999998
6,145,2014,2,17.85899999999998
6,145,2014,3,17.85899999999998
6,145,2014,4,17.85899999999998
6,145,2014,5,17.85899999999998
6,145,2014,6,17.85899999999998
6,145,2014,7,17.85899999999998
6,145,2014,8,17.85899999999998
6,145,2014,9,17.85899999999998
6,153,2013,10,18.853999999999964
6,153,2013,11,18.853999999999964
6,153,2013,12,18.853999999999964
6,153,2014,1,18.853999999999964
6,153,2014,2,18.853999999999964
6,153,2014,3,18.853999999999964
6,153,2014,4,18.853999999999964
6,153,2014,5,18.853999999999964
6,153,2014,6,18.853999999999964
6,153,2014,7,18.853999999999964
6,153,2014,8,18.853999999999964
6,153,2014,9,18.853999999999964
6,154,2013,10,25.390999999999902
6,154,2013,11,25.390999999999902
6,154,2013,12,25.390999999999902
6,154,2014,1,25.390999999999902
6,154,2014,2,25.390999999999902
6,154,2014,3,25.390999999999902
6,154,2014,4,25.390999999999902
6,154,2014,5,25.390999999999902
6,154,2014,6,25.390999999999902
6,154,2014,7,25.390999999999902
6,154,2014,8,25.390999999999902
6,154,2014,9,25.390999999999902
6,157,2013,10,16.483000000000068
6,157,2013,11,16.483000000000068
6,157,2013,12,16.483000000000068
6,157,2014,1,16.483000000000068
6,157,2014,2,16.483000000000068
6,157,2014,3,16.483000000000068
6,157,2014,4,16.483000000000068
6,157,2014,5,16.483000000000068
6,157,2014,6,16.483000000000068
6,157,2014,7,16.483000000000068
6,157,2014,8,16.483000000000068
6,157,2014,9,16.483000000000068
6,161,2013,10,17.044019999999954
6,161,2013,11,17.044019999999954
6,161,2013,12,17.044019999999954
6,161,2014,1,17.044019999999954
6,161,2014,2,17.044019999999954
6,161,2014,3,17.044019999999954
6,161,2014,4,17.044019999999954
6,161,2014,5,17.044019999999954
6,161,2014,6,17.044019999999954
6,161,2014,7,17.044019999999954
6,161,2014,8,17.044019999999954
6,161,2014,9,17.044019999999954
6,173,2013,10,17.23100000000009
6,173,2013,11,17.23100000000009
6,173,2013,12,17.23100000000009
6,173,2014,1,17.23100000000009
6,173,2014,2,17.23100000000009
6,173,2014,3,17.23100000000009
6,173,2014,4,17.23100000000009
6,173,2014,5,17.23100000000009
6,173,2014,6,17.23100000000009
6,173,2014,7,17.23100000000009
6,173,2014,8,17.23100000000009
6,173,2014,9,17.23100000000009
6,195,2013,10,24.283995999999938
6,195,2013,11,24.283995999999938
6,195,2013,12,24.283995999999938
6,195,2014,1,24.28399999999994
6,195,2014,2,24.28399999999994
6,195,2014,3,24.28399999999994
6,195,2014,4,24.283995999999938
6,195,2014,5,24.283995999999938
6,195,2014,6,24.283995999999938
6,195,2014,7,24.283995999999938
6,195,2014,8,24.283995999999938
6,195,2014,9,24.283995999999938
6,196,2013,10,20.00100000000011
6,196,2013,11,20.00100000000011
6,196,2013,12,20.00100000000011
6,196,2014,1,20.00100000000011
6,196,2014,2,20.00100000000011
6,196,2014,3,20.00100000000011
6,196,2014,4,20.00100000000011
6,196,2014,5,20.00100000000011
6,196,2014,6,20.00100000000011
6,196,2014,7,20.00100000000011
6,196,2014,8,20.00100000000011
6,196,2014,9,20.00100000000011
6,204,2013,10,22.342003999999957
6,204,2013,11,22.342003999999957
6,204,2013,12,22.342003999999957
6,204,2014,1,22.342003999999957
6,204,2014,2,22.342003999999957
6,204,2014,3,22.342003999999957
6,204,2014,4,22.342003999999957
6,204,2014,5,22.342003999999957
6,204,2014,6,22.342003999999957
6,204,2014,7,22.342003999999957
6,204,2014,8,22.342003999999957
6,204,2014,9,22.342003999999957
6,205,2013,10,26.40800000000009
6,205,2013,11,26.40800000000009
6,205,2013,12,26.40800000000009
6,205,2014,1,26.40800000000009
6,205,2014,2,26.40800000000009
6,205,2014,3,26.40800000000009
6,205,2014,4,26.40800000000009
6,205,2014,5,26.40800000000009
6,205,2014,6,26.40800000000009
6,205,2014,7,26.40800000000009
6,205,2014,8,26.40800000000009
6,205,2014,9,26.40800000000009
6,217,2013,10,17.690999999999907
6,217,2013,11,17.690999999999907
6,217,2013,12,17.690999999999907
6,217,2014,1,17.690999999999907
6,217,2014,2,17.690999999999907
6,217,2014,3,17.690999999999907
6,217,2014,4,17.690999999999907
6,217,2014,5,17.690999999999907
6,217,2014,6,17.690999999999907
6,217,2014,7,17.690999999999907
6,217,2014,8,17.690999999999907
6,217,2014,9,17.690999999999907
6,220,2013,10,14.31199999999993
6,220,2013,11,14.31199999999993
6,220,2013,12,14.31199999999993
6,220,2014,1,14.31199999999993
6,220,2014,2,14.31199999999993
6,220,2014,3,14.31199999999993
6,220,2014,4,14.31199999999993
6,220,2014,5,14.31199999999993
6,220,2014,6,14.31199999999993
6,220,2014,7,14.31199999999993
6,220,2014,8,14.31199999999993
6,220,2014,9,14.31199999999993
6,222,2013,10,20.219000000000044
6,222,2013,11,20.219000000000044
6,222,2013,12,20.219000000000044
6,222,2014,1,20.219000000000044
6,222,2014,2,20.219000000000044
6,222,2014,3,20.219000000000044
6,222,2014,4,20.219000000000044
6,222,2014,5,20.219000000000044
6,222,2014,6,20.219000000000044
6,222,2014,7,20.219000000000044
6,222,2014,8,20.219000000000044
6,222,2014,9,20.219000000000044
6,227,2013,10,16.822999999999965
6,227,2013,11,16.822999999999965
6,227,2013,12,16.822999999999965
6,227,2014,1,16.822999999999965
6,227,2014,2,16.822999999999965
6,227,2014,3,16.822999999999965
6,227,2014,4,16.822999999999965
6,227,2014,5,16.822999999999965
6,227,2014,6,16.822999999999965
6,227,2014,7,16.822999999999965
6,227,2014,8,16.822999999999965
6,227,2014,9,16.822999999999965
6,229,2013,10,18.708000000000002
6,229,2013,11,18.708000000000002
6,229,2013,12,18.708000000000002
6,229,2014,1,18.708000000000002
6,229,2014,2,18.708000000000002
6,229,2014,3,18.708000000000002
6,229,2014,4,18.708000000000002
6,229,2014,5,18.708000000000002
6,229,2014,6,18.708000000000002
6,229,2014,7,18.708000000000002
6,229,2014,8,18.708000000000002
6,229,2014,9,18.708000000000002
6,231,2013,10,16.567000000000004
6,231,2013,11,16.567000000000004
6,231,2013,12,16.567000000000004
6,231,2014,1,16.567000000000004
6,231,2014,2,16.567000000000004
6,231,2014,3,16.567000000000004
6,231,2014,4,16.567000000000004
6,231,2014,5,16.567000000000004
6,231,2014,6,16.567000000000004
6,231,2014,7,16.567000000000004
6,231,2014,8,16.567000000000004
6,231,2014,9,16.567000000000004
6,232,2013,10,15.811016000000052
6,232,2013,11,15.811016000000052
6,232,2013,12,15.811012000000053
6,232,2014,1,15.811012000000053
6,232,2014,2,15.811012000000053
6,232,2014,3,15.811012000000053
6,232,2014,4,15.811012000000053
6,232,2014,5,15.811012000000053
6,232,2014,6,15.811016000000052
6,232,2014,7,15.811016000000052
6,232,2014,8,15.811016000000052
6,232,2014,9,15.811016000000052
