Year,avg_country_temp,avg_city_temp
1743,7.2565,6.218333333333334
1744,11.796749999999998,11.226395833333335
1745,4.264,3.068541666666667
1750,11.215696969696967,10.606378787878787
1751,11.371645833333334,10.782416666666665
1752,6.786,5.718527777777777
1753,10.51961111111111,9.811402777777776
1754,10.43641666666667,9.690222222222221
1755,10.17851388888889,9.447069444444445
1756,10.735958333333334,10.07872222222222
1757,10.550847222222224,9.868
1758,9.548944444444444,8.915222222222223
1759,10.602888888888891,9.93622222222222
1760,10.238041666666668,9.584930555555555
1761,10.808555555555557,10.121208333333334
1762,10.434333333333333,9.686652777777779
1763,9.958791666666665,9.27575
1764,10.61026388888889,9.897055555555555
1765,10.463777777777779,9.738069444444442
1766,10.421652777777776,9.715027777777777
1767,10.211458333333335,9.46326388888889
1768,7.788318181818183,8.407556818181819
1769,8.214019230769232,9.207711538461538
1770,10.231180555555556,9.546611111111112
1771,10.159680555555557,9.317152777777775
1772,11.121777777777778,10.377805555555558
1773,10.618611111111111,9.988597222222221
1774,8.257178571428572,8.870571428571427
1775,7.780433333333333,9.676183333333334
1776,6.71922033898305,8.671855932203389
1777,7.918373333333335,9.681900000000002
1778,7.899864285714287,9.860935714285713
1779,8.171297101449277,10.342057971014496
1780,9.64366935483871,11.041443548387099
1781,9.82331451612903,10.914879032258062
1782,8.255595588235295,9.636536764705882
1783,10.935175925925925,11.310259259259261
1784,10.468490740740744,10.659314814814818
1785,10.048287037037039,10.215592592592593
1786,10.422296296296297,10.558675925925925
1787,11.543465517241383,11.73681896551724
1788,10.98733027522936,11.158311926605503
1789,11.473840336134453,11.625470588235297
1790,11.675766666666668,11.858150000000002
1791,11.971508333333334,12.172033333333333
1792,11.579591666666667,11.751858333333333
1793,11.579891666666667,11.752191666666668
1794,11.953666666666667,12.175883333333331
1795,11.57383193277311,11.733134453781513
1796,17.829567073170722,19.310268292682927
1797,17.466064625850336,18.966571428571427
1798,18.26997407407409,19.342507407407403
1799,18.80487333333333,19.903159999999996
1800,19.09491666666667,20.25443666666667
1801,18.321829629629626,19.402659259259256
1802,19.52435333333333,20.695103333333336
1803,19.105351170568564,20.246411371237464
1804,19.453523333333337,20.606236666666664
1805,18.873576666666676,19.984613333333332
1806,19.15711666666666,20.34612333333333
1807,18.2808,19.385466666666666
1808,10.807943089430896,10.942739837398376
1809,11.190992424242426,11.376636363636363
1810,11.236409090909094,11.444136363636362
1811,11.695357541899437,12.487139664804468
1812,6.245617647058823,8.774107843137255
1813,15.337010810810815,17.38306756756757
1814,15.264024169184289,17.00164652567976
1815,15.266134615384614,17.158755494505492
1816,15.679031553398056,17.771696601941755
1817,15.103565315315304,17.512184684684687
1818,15.731832568807334,18.01752981651376
1819,16.649154867256648,18.5484889380531
1820,15.07533141762453,17.170927203065137
1821,14.795625641025651,16.901791452991457
1822,14.837256849315061,17.085625
1823,14.61876021314387,16.8678081705151
1824,16.715795154185017,18.378220264317182
1825,17.831696296296304,19.387383333333336
1826,16.616478448275863,18.285019396551732
1827,16.952703862660947,18.42538626609442
1828,16.546246781115883,18.143107296137348
1829,16.108295258620693,17.581325431034482
1830,16.210626126126144,17.987200450450448
1831,15.741768018018027,17.615754504504505
1832,16.02738247863249,17.347747863247868
1833,15.696425925925936,17.344242283950628
1834,15.80753395061728,17.468711419753088
1835,15.015142424242422,16.577027272727282
1836,15.446428129829982,16.876061823802168
1837,16.03501335559266,17.26982971619366
1838,16.45964473684212,17.43012171052631
1839,15.697305059523805,16.889703869047622
1840,15.288288265306116,17.157915816326533
1841,14.833119331742244,16.96286276849641
1842,15.070775362318855,17.151415458937187
1843,15.364441995359625,17.433163573085842
1844,14.052199494949491,16.573295454545455
1845,14.200133251833735,16.688019559902205
1846,14.726748743718588,17.158881909547734
1847,14.08604743589742,16.54147435897436
1848,14.100243781094536,16.650004975124386
1849,14.430846428571433,16.83115238095238
1850,15.364139065817412,17.404113588110402
1851,15.75845776850886,17.657593326381637
1852,15.53465861344536,17.41087815126051
1853,15.82129743589743,17.620025641025645
1854,15.833661474558662,17.68892004153687
1855,15.868880368098155,17.598854805725964
1856,15.830540967423484,17.352945705824286
1857,15.53115459882582,17.17529745596869
1858,15.398595744680858,16.832842553191494
1859,16.094343594836158,17.357662363455802
1860,15.335467299578061,16.775640295358656
1861,15.408214876033073,16.857640495867766
1862,13.22592643391521,14.732890274314208
1863,13.750069708491763,15.244961977186314
1864,14.39854050925926,15.590424768518513
1865,15.386828108108123,16.92898270270271
1866,15.615593913955939,17.13154879328437
1867,15.636097872340429,17.093238297872336
1868,15.686951983298535,17.254055323590823
1869,15.820753894080992,17.414794392523365
1870,16.0201881773399,17.62820591133005
1871,15.821121421520253,17.437624876604158
1872,16.020099214145386,17.733467583497045
1873,16.563852165725045,18.11769491525423
1874,16.636624538745394,18.07895387453874
1875,16.76029947916667,18.072578993055554
1876,16.932324720068898,18.349032730404822
1877,17.309232993197277,18.641847789115637
1878,17.512489795918384,18.827250000000003
1879,16.81499108734403,18.245453654188942
1880,17.03897521367523,18.37447094017095
1881,17.11634215017066,18.37152559726962
1882,16.981735720375127,18.27240920716112
1883,16.846258091993185,18.093464224872225
1884,16.54103623813632,17.808000000000007
1885,16.48934697508897,17.83080960854093
1886,16.896152470187406,18.186228279386707
1887,16.881393707483006,18.238346088435375
1888,17.05005272108843,18.269254251700687
1889,17.26856481481482,18.553466329966337
1890,17.067479359730417,18.503056444818874
1891,17.096605000000018,18.474513333333334
1892,17.154619166666663,18.40668916666667
1893,16.87361833333333,18.036146666666653
1894,17.15487166666667,18.533093333333333
1895,17.1329825,18.417725833333332
1896,17.342152499999997,18.641295833333334
1897,17.344325833333322,18.668718333333338
1898,17.326747913188655,18.779869782971623
1899,17.423120833333343,18.806063333333334
1900,17.55081666666666,18.860279166666675
1901,17.496312500000002,18.74446083333333
1902,17.451053333333327,18.788060000000012
1903,17.174411666666668,18.57487166666665
1904,17.08757249999999,18.339621666666662
1905,17.102217500000013,18.453006666666663
1906,17.28048250000001,18.5845525
1907,17.01404249999999,18.311078333333345
1908,17.14055333333335,18.42855000000001
1909,17.21399750000001,18.475870833333328
1910,17.112328333333338,18.39935416666667
1911,17.164728333333343,18.455724166666656
1912,17.239959166666686,18.499176666666674
1913,17.18001833333333,18.56686666666665
1914,17.531896666666636,18.843843333333336
1915,17.649350000000016,18.84970999999999
1916,17.3234075,18.599710833333333
1917,16.96887000000001,18.164886666666668
1918,17.166187500000014,18.4901825
1919,17.44904000000001,18.764819166666662
1920,17.32929666666668,18.698164166666658
1921,17.45499249999999,18.803862499999994
1922,17.445800833333326,18.744337500000007
1923,17.388277500000008,18.65642916666667
1924,17.467592500000002,18.68272166666665
1925,17.345096666666663,18.65626333333333
1926,17.586537499999984,18.80662166666667
1927,17.482225833333338,18.816360000000007
1928,17.616850833333306,18.907697499999994
1929,17.355405,18.698242500000003
1930,17.537235833333344,18.91760333333333
1931,17.614169166666642,18.898493333333338
1932,17.55403416666667,18.91558916666666
1933,17.34148333333334,18.600474999999992
1934,17.451778333333323,18.75105083333333
1935,17.49601583333336,18.84492416666666
1936,17.45349416666667,18.752038333333324
1937,17.608257500000004,18.955430833333327
1938,17.65942083333332,18.986128333333333
1939,17.663698333333326,18.993717500000002
1940,17.690569999999983,18.882960833333335
1941,17.961753333333355,19.1889825
1942,17.756560833333324,18.968859999999996
1943,17.605171666666646,18.854368333333323
1944,17.608373333333343,18.901619166666666
1945,17.505830000000014,18.784205833333335
1946,17.79704000000001,19.132812500000007
1947,17.80442833333333,18.969314999999998
1948,17.694290000000006,19.02407583333333
1949,17.598082500000007,19.01068000000001
1950,17.408403333333347,18.784645833333332
1951,17.677204166666677,18.996792499999994
1952,17.74850916666666,19.068606666666668
1953,17.83337416666668,19.135037499999996
1954,17.579661666666656,18.86268583333334
1955,17.615447500000005,18.950874166666676
1956,17.276035833333346,18.48092583333333
1957,17.558790833333322,18.857897500000004
1958,17.963303333333343,19.193795833333333
1959,17.759690000000006,19.137370000000004
1960,17.80541666666668,19.144858333333335
1961,17.71884833333335,19.145021666666658
1962,17.699434166666652,18.94944166666667
1963,17.77343333333334,18.996930833333337
1964,17.50161833333334,18.80619166666666
1965,17.558519166666674,18.852835833333337
1966,17.873898333333322,19.178754166666664
1967,17.481188333333325,18.79432666666666
1968,17.521985833333346,18.817781666666672
1969,17.751953333333336,18.96033833333333
1970,17.715142499999974,18.965957500000005
1971,17.49621500000001,18.777898333333336
1972,17.57596833333333,18.93212666666666
1973,17.90093166666665,19.206823333333336
1974,17.480142499999996,18.837208333333315
1975,17.598614166666685,18.991770000000002
1976,17.441844166666673,18.690833333333337
1977,17.832966666666643,19.145369166666665
1978,17.727161666666667,18.9816575
1979,17.949149999999992,19.234882499999994
1980,17.916116666666664,19.068540833333326
1981,17.897378333333325,19.115568333333332
1982,17.743227500000003,19.068149166666664
1983,17.867213333333314,19.197572499999993
1984,17.648109999999967,18.96073166666666
1985,17.7703025,18.997135833333342
1986,17.793174999999994,19.04475583333334
1987,18.153586666666673,19.40855583333333
1988,18.092518333333327,19.352042500000014
1989,17.875557499999992,19.22738083333333
1990,18.17173333333333,19.509549166666666
1991,17.961987500000006,19.271515
1992,17.752049999999997,19.091054166666662
1993,17.886135833333338,19.178233333333328
1994,18.149646666666655,19.4729025
1995,18.141668333333342,19.439888333333336
1996,17.932444166666663,19.171846666666664
1997,18.049645000000005,19.350162500000003
1998,18.632315000000006,19.94603083333334
1999,18.385894166666663,19.698959166666672
2000,18.143060000000002,19.50624333333333
2001,18.368583333333323,19.679351666666662
2002,18.494500833333333,19.855685000000005
2003,18.388510833333324,19.630196666666674
2004,18.36691500000001,19.672204166666656
2005,18.38409333333334,19.60723916666667
2006,18.47877999999999,19.79399333333333
2007,18.521762500000005,19.854270000000007
2008,18.265797499999998,19.60877833333333
2009,18.542095833333363,19.833751666666657
2010,18.700699166666666,19.911734166666683
2011,18.254116666666672,19.549196666666674
2012,18.33109250000002,19.668239166666673
2013,19.06800495662949,20.263006195786865
